FacID,Volume
1328,1000000
9610,1000000
168834,1000000
67866,1000000
13594,1000000
30429,1000000
60553,1000000
60555,1000000
86537,1000000
38336,1000000
73206,1000000
43952,1000000
14322,1000000
73207,1000000
47535,1000000
18795,1000000
48457,1000000
48477,1000000
73333,1000000
6048,1000000
20818,1000000
22206,1000000
73881,1000000
73356,1000000
74156,1000000
67993,1000000
70158,1000000
74197,1000000
74215,1000000
70493,1000000
282,1000000
29234,1000000
56384,1000000
21422,1000000
9628,1000000
13058,1000000
33742,1000000
24518,1000000
60549,1000000
60026,1000000
63865,1000000
14000,1000000
38430,1000000
35123,1000000
47906,1000000
3167,1000000
167309,1000000
4328,1000000
58978,1000000
22161,1000000
35608,1000000
191101,1000000
36717,1000000
67884,1000000
35670,1000000
22208,1000000
58795,1000000
19783,1000000
16729,1000000
83825,1000000
26231,1000000
55083,1000000
71111,1000000
9617,1000000
71428,1000000
10981,1000000
66978,1000000
22211,1000000
12498,1000000
72115,1000000
32334,1000000
189058,1000000
73226,1000000
47905,1000000
168662,1000000
35101,1000000
35092,1000000
168237,1000000
48772,1000000
70119,1000000
10802,1000000
71425,1000000
998,1000000
60539,1000000
12279,1000000
49803,1000000
1283,1000000
25453,1000000
189358,1000000
60850,1000000
63153,1000000
72335,1000000
39884,1000000
74216,1000000
7623,1000000
72338,1000000
36989,1000000
9739,1000000
61111,1000000
48481,1000000
48465,1000000
72278,1000000
73879,1000000
74464,1000000
51984,1000000
12499,1000000
167543,1000000
8616,1000000
191822,1000000
191340,1000000
55305,1000000
51568,1000000
60560,1000000
23142,1000000
28480,1000000
26950,1000000
17433,1000000
22201,1000000
17037,1000000
33770,1000000
49326,1000000
67910,1000000
49324,1000000
29015,1000000
16930,1000000
73701,1000000
68834,1000000
60534,1000000
23422,1000000
51517,1000000
42359,1000000
5319,1000000
35841,1000000
49330,1000000
35994,1000000
72054,1000000
37689,1000000
69619,1000000
71586,1000000
58912,1000000
18148,1000000
33778,1000000
34440,1000000
70900,1000000
51429,1000000
52887,1000000
34470,1000000
34564,1000000
22644,1000000
43095,1000000
35280,1000000
51189,1000000
25452,1000000
35500,1000000
35663,1000000
8378,1000000
57945,1000000
65526,1000000
64987,1000000
49153,1000000
21533,1000000
37511,1000000
35703,1000000
57907,1000000
57905,1000000
168449,1000000
51567,1000000
30576,1000000
65670,1000000
69532,1000000
40626,1000000
25045,1000000
27772,1000000
10259,1000000
1051,1000000
189357,1000000
38437,1000000
9999,1000000
10019,1000000
74091,1000000
47904,1000000
22207,1000000
65593,1000000
65943,1000000
23264,1000000
50347,1000000
14682,1000000
7692,1000000
25456,1000000
65684,1000000
6476,1000000
69271,1000000
69237,1000000
6463,1000000
64833,1000000
72099,1000000
72098,1000000
72145,1000000
73238,1000000
41436,1000000
73292,1000000
51864,1000000
48406,1000000
73982,1000000
30577,1000000
60551,1000000
23671,1000000
9766,1000000
18783,1000000
70689,1000000
168812,1000000
13206,1000000
22819,1000000
711,1000000
72120,1000000
63329,1000000
23948,1000000
68058,1000000
55108,1000000
35418,1000000
4190,1000000
64033,1000000
51969,1000000
23960,1000000
35090,1000000
6900,1000000
48813,1000000
51163,1000000
168094,1000000
12895,1000000
60537,1000000
34529,1000000
23394,1000000
24436,1000000
53117,1000000
58835,1000000
22204,1000000
28324,1000000
64984,1000000
35675,1000000
51569,1000000
70492,1000000
66790,1000000
69269,1000000
13200,1000000
53847,1000000
31870,1000000
69531,1000000
55106,1000000
11125,1000000
21808,1000000
64592,1000000
64588,1000000
60559,1000000
53819,1000000
74559,1000000
11559,1000000
74112,1000000
11290,1000000
4108,1000000
68569,1000000
69338,1000000
16788,1000000
61251,1000000
57538,1000000
6601,1000000
63901,1000000
2130,1000000
2728,1000000
7143,1000000
72618,1000000
35811,1000000
83491,1000000
2739,1000000
41517,1000000
30932,1000000
24753,1000000
24749,1000000
59440,1000000
67868,1000000
73764,1000000
41223,1000000
35486,1000000
26655,1000000
35587,1000000
81458,1000000
40993,1000000
29464,1000000
35705,1000000
68886,1000000
25722,1000000
455,1000000
53114,1000000
68444,1000000
73123,1000000
51570,1000000
168471,1000000
74211,1000000
5800,1000000
16817,1000000
72123,1000000
10267,1000000
53586,1000000
62469,1000000
62468,1000000
33894,1000000
33749,1000000
49264,1000000
34847,1000000
66781,1000000
21656,1000000
35396,1000000
23428,1000000
67950,1000000
4624,1000000
35862,1000000
35419,1000000
56852,1000000
69571,1000000
67002,1000000
23079,1000000
49579,1000000
49578,1000000
9632,1000000
9640,1000000
83714,1000000
68883,1000000
35907,1000000
35585,1000000
35584,1000000
35843,1000000
28010,1000000
68594,1000000
68597,1000000
71549,1000000
9629,1000000
11913,1000000
18793,1000000
36395,1000000
60536,1000000
12497,1000000
4352,1000000
9425,1000000
47902,1000000
27387,1000000
67971,1000000
4366,1000000
60165,1000000
9614,1000000
66358,1000000
73230,1000000
13456,1000000
53113,1000000
30129,1000000
48608,1000000
29547,1000000
72053,1000000
64971,1000000
10203,1000000
63840,1000000
63154,1000000
23179,1000000
22685,1000000
63158,1000000
24514,1000000
47903,1000000
38375,1000000
126,1000000
37101,1000000
125,1000000
40875,1000000
166510,1000000
68695,1000000
18287,1000000
29455,1000000
70578,1000000
14040,1000000
20476,1000000
20373,1000000
47971,1000000
168750,1000000
57219,1000000
47996,1000000
68581,1000000
23074,1000000
35883,1000000
10032,1000000
41074,1000000
41070,1000000
72958,1000000
67893,1000000
49421,1000000
59441,1000000
11027,1000000
73150,1000000
73195,1000000
41893,1000000
41892,1000000
39746,1000000
60556,1000000
43870,1000000
8532,1000000
18753,1000000
70491,1000000
60018,1000000
12171,1000000
41375,1000000
6744,1000000
25738,1000000
72076,1000000
10521,1000000
24582,1000000
53465,1000000
61702,1000000
71293,1000000
71238,1000000
41225,1000000
67602,1000000
5802,1000000
54940,1000000
10549,1000000
55454,1000000
9881,1000000
10073,1000000
12855,1000000
131,1000000
70415,1000000
334,1000000
4939,1000000
2424,1000000
33875,1000000
52891,1000000
51499,1000000
18736,1000000
56550,1000000
10242,1000000
52953,1000000
20871,1000000
10205,1000000
58609,1000000
35855,1000000
25048,1000000
190156,1000000
56524,1000000
9375,1000000
62182,1000000
70034,1000000
48525,1000000
35417,1000000
46981,1000000
35693,1000000
66983,1000000
66996,1000000
37238,1000000
40861,1000000
57221,1000000
67022,1000000
12793,1000000
30826,1000000
49157,1000000
32326,1000000
70097,1000000
65919,1000000
73152,1000000
60888,1000000
20624,1000000
61009,1000000
74070,1000000
54983,1000000
10645,1000000
69114,1000000
69124,1000000
25454,1000000
259,1000000
68395,1000000
68396,1000000
68405,1000000
40619,1000000
41314,1000000
68393,1000000
68407,1000000
68401,1000000
68394,1000000
7622,1000000
13924,1000000
68400,1000000
69880,1000000
73875,1000000
73907,1000000
73910,1000000
41315,1000000
269,1000000
65681,1000000
68408,1000000
257,1000000
68409,1000000
267,1000000
167799,1000000
21649,1000000
34874,1000000
71078,1000000
47707,1000000
35380,1000000
50589,1000000
71079,1000000
71069,1000000
71070,1000000
71074,1000000
71080,1000000
35460,1000000
50633,1000000
5801,1000000
10192,1000000
56971,1000000
50592,1000000
81447,1000000
71089,1000000
64400,1000000
21245,1000000
22485,1000000
168101,1000000
73205,1000000
50782,1000000
8688,1000000
10133,1000000
64611,1000000
54963,1000000
20590,1000000
8617,1000000
70423,1000000
69080,1000000
69397,1000000
16517,1000000
40211,1000000
41095,1000000
65696,1000000
10758,1000000
25455,1000000
59442,1000000
191262,1000000
65944,1000000
65942,1000000
7933,1000000
60552,1000000
34894,1000000
70161,1000000
70416,1000000
68007,1000000
28199,1000000
7908,1000000
41397,1000000
37102,1000000
167765,1000000
3646,1000000
10253,1000000
39269,1000000
29292,1000000
28462,1000000
40877,1000000
70162,1000000
66536,1000000
56526,1000000
56523,1000000
146,1000000
66321,1000000
4035,1000000
42122,1000000
40876,1000000
35277,1000000
6124,1000000
11371,1000000
58927,1000000
58827,1000000
10238,1000000
69479,1000000
10324,1000000
11117,1000000
61026,1000000
7651,1000000
73188,1000000
73310,1000000
41398,1000000
28468,1000000
30580,1000000
60820,1000000
41232,1000000
36504,1000000
9971,1000000
418,1000000
14050,1000000
33081,1000000
13602,1000000
13607,1000000
13595,1000000
53115,1000000
51980,1000000
10153,1000000
147,1000000
74109,1000000
74214,1000000
3072,1000000
74170,1000000
71217,1000000
30244,1000000
50781,1000000
54414,1000000
66172,1000000
1104,1000000
9939,1000000
66185,1000000
50147,1000000
50141,1000000
11118,1000000
56549,1000000
74137,1000000
21158,1000000
59852,1000000
24570,1000000
56528,1000000
24316,1000000
26304,1000000
17830,1000000
27300,1000000
749,1000000
51518,1000000
48837,1000000
125710,1000000
61173,1000000
53118,1000000
32621,1000000
64969,1000000
60464,1000000
35881,1000000
55762,1000000
69618,1000000
53843,1000000
41230,1000000
64444,1000000
65686,1000000
42636,1000000
4326,1000000
33337,1000000
59444,1000000
33336,1000000
11291,1000000
6823,1000000
59494,1000000
69693,1000000
64974,1000000
63845,1000000
36607,1000000
35822,1000000
77512,1000000
6359,1000000
22215,1000000
168239,1000000
10177,1000000
68889,1000000
1136,1000000
69396,1000000
69582,1000000
82576,1000000
82585,1000000
168495,1000000
57884,1000000
69694,1000000
81451,1000000
35823,1000000
71422,1000000
71278,1000000
71427,1000000
65680,1000000
73107,1000000
60571,1000000
35091,1000000
68545,1000000
42663,1000000
42665,1000000
37104,1000000
74098,1000000
72342,1000000
74174,1000000
68547,1000000
65666,1000000
59438,1000000
34204,1000000
34211,1000000
11289,1000000
46979,1000000
168414,1000000
25065,1000000
11204,1000000
39738,1000000
9064,1000000
72300,1000000
56537,1000000
56548,1000000
60931,1000000
61010,1000000
61011,1000000
66391,1000000
69300,1000000
83822,1000000
70149,1000000
53905,1000000
51349,1000000
11123,1000000
39736,1000000
83929,1000000
51988,1000000
52527,1000000
59443,1000000
27290,1000000
29715,1000000
70865,1000000
35575,1000000
18894,1000000
63557,1000000
61084,1000000
148,1000000
35909,1000000
35918,1000000
33691,1000000
38562,1000000
35912,1000000
35923,1000000
35913,1000000
35921,1000000
35911,1000000
35910,1000000
8564,1000000
144,1000000
35649,1000000
35882,1000000
35867,1000000
35920,1000000
48836,1000000
14302,1000000
63768,1000000
10498,1000000
66807,1000000
67089,1000000
35042,1000000
11683,1000000
41237,1000000
33819,1000000
10179,1000000
74100,1000000
10195,1000000
69677,1000000
35870,1000000
24783,1000000
24784,1000000
11033,1000000
33869,1000000
67001,1000000
17203,1000000
28926,1000000
36841,1000000
167892,1000000
67895,1000000
36838,1000000
10212,1000000
67781,1000000
74195,1000000
68433,1000000
36851,1000000
71871,1000000
49713,1000000
71127,1000000
71130,1000000
9762,1000000
25932,1000000
71119,1000000
66549,1000000
71121,1000000
13060,1000000
71125,1000000
67077,1000000
76324,1000000
47401,1000000
82574,1000000
40759,1000000
69292,1000000
65387,1000000
74167,1000000
35134,1000000
50182,1000000
50205,1000000
66222,1000000
50170,1000000
84225,1000000
12508,1000000
10265,1000000
35388,1000000
87,1000000
2566,1000000
38214,1000000
67999,1000000
77480,1000000
86532,1000000
14885,1000000
31368,1000000
50194,1000000
25382,1000000
53930,1000000
55350,1000000
72313,1000000
72326,1000000
73083,1000000
23338,1000000
10213,1000000
24257,1000000
16820,1000000
717,1000000
71221,1000000
70426,1000000
71325,1000000
16599,1000000
64338,1000000
56642,1000000
5360,1000000
31649,1000000
73312,1000000
21258,1000000
1002,1000000
74138,1000000
74173,1000000
77496,1000000
70429,1000000
35385,1000000
72064,1000000
72106,1000000
65074,1000000
54452,1000000
25544,1000000
69360,1000000
53921,1000000
414,1000000
70414,1000000
29712,1000000
11909,1000000
35576,1000000
73130,1000000
29719,1000000
52240,1000000
4754,1000000
53116,1000000
11893,1000000
71236,1000000
39241,1000000
65046,1000000
23929,1000000
32311,1000000
55049,1000000
1151,1000000
48556,1000000
60793,1000000
35084,1000000
993,1000000
84215,1000000
55528,1000000
53928,1000000
35313,1000000
35321,1000000
62272,1000000
48589,1000000
84224,1000000
53539,1000000
48575,1000000
82613,1000000
84157,1000000
55056,1000000
83707,1000000
57220,1000000
27431,1000000
76268,1000000
60795,1000000
13989,1000000
25173,1000000
73692,1000000
28476,1000000
32327,1000000
6837,1000000
34195,1000000
21432,1000000
25078,1000000
34181,1000000
8500,1000000
53939,1000000
34167,1000000
55315,1000000
6838,1000000
168014,1000000
11907,1000000
41883,1000000
60830,1000000
12521,1000000
42061,1000000
68518,1000000
43193,1000000
19184,1000000
21726,1000000
66174,1000000
81692,1000000
84214,1000000
24978,1000000
83945,1000000
64048,1000000
70419,1000000
71357,1000000
72119,1000000
37106,1000000
18819,1000000
54280,1000000
21729,1000000
24981,1000000
13938,1000000
4149,1000000
74192,1000000
25090,1000000
50780,1000000
22591,1000000
3978,1000000
73311,1000000
47404,1000000
50063,1000000
70184,1000000
56092,1000000
9088,1000000
14326,1000000
64547,1000000
7780,1000000
54176,1000000
71928,1000000
71905,1000000
30303,1000000
67784,1000000
2325,1000000
415,1000000
10869,1000000
57457,1000000
67494,1000000
68406,1000000
59013,1000000
8620,1000000
34439,1000000
23302,1000000
56034,1000000
168338,1000000
51488,1000000
58608,1000000
16950,1000000
35594,1000000
35512,1000000
69733,1000000
18740,1000000
16962,1000000
68143,1000000
68137,1000000
52077,1000000
68136,1000000
71225,1000000
73318,1000000
73375,1000000
52075,1000000
64690,1000000
73374,1000000
47929,1000000
68135,1000000
17010,1000000
9987,1000000
9989,1000000
74416,1000000
412,1000000
57832,1000000
10897,1000000
30833,1000000
33440,1000000
37005,1000000
41212,1000000
33543,1000000
2777,1000000
2768,1000000
2770,1000000
58267,1000000
57545,1000000
11951,1000000
86534,1000000
2787,1000000
608,1000000
607,1000000
4143,1000000
54938,1000000
69993,1000000
83740,1000000
71363,1000000
721,1000000
81669,1000000
6554,1000000
83943,1000000
10894,1000000
41210,1000000
73187,1000000
60827,1000000
31570,1000000
11906,1000000
17611,1000000
74419,1000000
73264,1000000
167948,1000000
73263,1000000
450,1000000
136751,1000000
73363,1000000
73942,1000000
74422,1000000
11970,1000000
13933,1000000
1005,1000000
47070,1000000
24485,1000000
59439,1000000
54420,1000000
66195,1000000
50198,1000000
11910,1000000
35434,1000000
78322,1000000
57431,1000000
7078,1000000
35685,1000000
8986,1000000
31369,1000000
37099,1000000
71085,1000000
70649,1000000
62388,1000000
25538,1000000
22093,1000000
71580,1000000
58261,1000000
61504,1000000
19183,1000000
37809,1000000
71082,1000000
46984,1000000
72971,1000000
18252,1000000
83931,1000000
18267,1000000
52628,1000000
19200,1000000
81750,1000000
35908,1000000
64017,1000000
34196,1000000
34207,1000000
34202,1000000
34222,1000000
24914,1000000
73203,1000000
27696,1000000
51597,1000000
23128,1000000
24915,1000000
70138,1000000
65690,1000000
41458,1000000
73155,1000000
67869,1000000
25067,1000000
411,1000000
11912,1000000
65522,1000000
66414,1000000
66415,1000000
66416,1000000
79258,1000000
166332,1000000
190120,1000000
65523,1000000
77063,1000000
83181,1000000
60675,1000000
33345,1000000
11911,1000000
72348,1000000
72359,1000000
72361,1000000
72362,1000000
72358,1000000
60683,1000000
65535,1000000
66413,1000000
162115,1000000
3246,1000000
4145,1000000
51241,1000000
65395,1000000
36917,1000000
34445,1000000
36914,1000000
36920,1000000
4146,1000000
34846,1000000
26431,1000000
27969,1000000
34867,1000000
4144,1000000
64544,1000000
34527,1000000
64548,1000000
83180,1000000
664,1000000
64551,1000000
26428,1000000
34859,1000000
77483,1000000
89714,1000000
27425,1000000
37103,1000000
36846,1000000
37105,1000000
71280,1000000
34171,1000000
34200,1000000
73189,1000000
23342,1000000
66190,1000000
65130,1000000
36912,1000000
67798,1000000
417,1000000
71657,1000000
361,1000000
74417,1000000
73042,1000000
9635,1000000
2708,1000000
4150,1000000
2711,1000000
18798,1000000
5981,1000000
71329,1000000
15507,1000000
24813,1000000
168095,1000000
70251,1000000
73988,1000000
57840,1000000
24812,1000000
168403,1000000
53004,1000000
81441,1000000
36918,1000000
30601,1000000
44052,1000000
48663,1000000
11908,1000000
2722,1000000
2731,1000000
78036,1000000
63927,1000000
25735,1000000
35095,1000000
67792,1000000
82627,1000000
9908,1000000
69273,1000000
16530,1000000
72052,1000000
21735,1000000
41221,1000000
21737,1000000
33710,1000000
51502,1000000
46753,1000000
29102,1000000
78915,1000000
56527,1000000
82619,1000000
81509,1000000
29100,1000000
70417,1000000
66221,1000000
8661,1000000
58684,1000000
62424,1000000
81694,1000000
34537,1000000
56032,1000000
78921,1000000
34868,1000000
35606,1000000
61956,1000000
62382,1000000
37444,1000000
71024,1000000
61978,1000000
29108,1000000
53903,1000000
29085,1000000
35190,1000000
51491,1000000
23277,1000000
47974,1000000
65528,1000000
168219,1000000
28496,1000000
51102,1000000
3659,1000000
166319,1000000
35630,1000000
78314,1000000
36003,1000000
10318,1000000
58739,1000000
73371,1000000
70041,1000000
73964,1000000
413,1000000
57274,1000000
6568,1000000
66285,1000000
17076,1000000
51913,1000000
73354,1000000
13992,1000000
74150,1000000
19190,1000000
19199,1000000
13990,1000000
40902,1000000
37176,1000000
60963,1000000
61012,1000000
61013,1000000
136750,1000000
67020,1000000
57292,1000000
591,1000000
715,1000000
65128,1000000
713,1000000
48693,1000000
3086,1000000
28119,1000000
39659,1000000
39664,1000000
25683,1000000
39656,1000000
73288,1000000
84088,1000000
48408,1000000
53065,1000000
67000,1000000
26025,1000000
6096,1000000
65143,1000000
64545,1000000
10221,1000000
6870,1000000
19593,1000000
592,1000000
73998,1000000
39561,1000000
34174,1000000
65758,1000000
51991,1000000
73999,1000000
4297,1000000
67786,1000000
32216,1000000
38497,1000000
70420,1000000
4585,1000000
38591,1000000
12525,1000000
81507,1000000
73706,1000000
70482,1000000
35648,1000000
35652,1000000
15567,1000000
53734,1000000
629,1000000
14312,1000000
34329,1000000
58725,1000000
14315,1000000
64352,1000000
21252,1000000
73113,1000000
40758,1000000
34341,1000000
74151,1000000
617,1000000
70852,1000000
16363,1000000
70428,1000000
69544,1000000
42124,1000000
42116,1000000
18301,1000000
25684,1000000
25686,1000000
68939,1000000
62009,1000000
70536,1000000
40058,1000000
34457,1000000
12913,1000000
56079,1000000
69692,1000000
43328,1000000
32176,1000000
28280,1000000
62354,1000000
12523,1000000
32179,1000000
65301,1000000
6669,1000000
10245,1000000
9754,1000000
168452,1000000
68538,1000000
12522,1000000
35903,1000000
9781,1000000
60384,1000000
54385,1000000
49235,1000000
49236,1000000
71353,1000000
60825,1000000
72060,1000000
23942,1000000
52078,1000000
59137,1000000
65667,1000000
49240,1000000
22590,1000000
167588,1000000
24515,1000000
35037,1000000
59014,1000000
52579,1000000
69170,1000000
166331,1000000
35991,1000000
9719,1000000
35336,1000000
17625,1000000
25685,1000000
29095,1000000
21156,1000000
29114,1000000
35096,1000000
593,1000000
69447,1000000
67140,1000000
69446,1000000
37174,1000000
61007,1000000
48662,1000000
27245,1000000
590,1000000
23947,1000000
19117,1000000
33764,1000000
33716,1000000
51708,1000000
55516,1000000
10202,1000000
36916,1000000
68753,1000000
67760,1000000
49832,1000000
24977,1000000
24979,1000000
24218,1000000
24975,1000000
589,1000000
24976,1000000
38616,1000000
51806,1000000
12520,1000000
8653,1000000
38586,1000000
70021,1000000
10587,1000000
9015,1000000
71297,1000000
21536,1000000
61005,1000000
55203,1000000
416,1000000
68911,1000000
49712,1000000
71326,1000000
48667,1000000
68542,1000000
84253,1000000
43184,1000000
43168,1000000
136749,1000000
166512,1000000
36117,1000000
41674,1000000
41671,1000000
73983,1000000
74007,1000000
77678,1000000
77677,1000000
77676,1000000
2455,1000000
40761,1000000
57826,1000000
27503,1000000
27502,1000000
27504,1000000
27501,1000000
37808,1000000
5982,1000000
27490,1000000
5985,1000000
46728,1000000
46755,1000000
69944,1000000
10132,1000000
69328,1000000
77515,1000000
73344,1000000
57476,1000000
69946,1000000
48413,1000000
11259,1000000
69943,1000000
69940,1000000
26996,1000000
18334,1000000
81508,1000000
37982,1000000
594,1000000
57838,1000000
37971,1000000
69149,1000000
69444,1000000
35582,1000000
2767,1000000
168154,1000000
52430,1000000
66469,1000000
29560,1000000
60353,1000000
52420,1000000
60354,1000000
52432,1000000
29557,1000000
52423,1000000
52425,1000000
52426,1000000
67347,1000000
81593,1000000
7841,1000000
54011,1000000
5471,1000000
6885,1000000
13950,1000000
81946,1000000
73319,1000000
5468,1000000
66407,1000000
9054,1000000
4349,1000000
4350,1000000
61004,1000000
61008,1000000
167158,1000000
83969,1000000
17012,1000000
69416,1000000
3133,1000000
24215,1000000
72041,1000000
13991,1000000
168419,1000000
34212,1000000
34205,1000000
67802,1000000
189735,1000000
3661,1000000
17742,1000000
20287,1000000
73120,1000000
13929,1000000
66219,1000000
23341,1000000
68403,1000000
20295,1000000
84453,1000000
7894,1000000
168339,1000000
21160,1000000
47987,1000000
11264,1000000
47975,1000000
47981,1000000
48003,1000000
7890,1000000
21161,1000000
66589,1000000
21162,1000000
19191,1000000
10228,1000000
63331,1000000
51493,1000000
34577,1000000
60307,1000000
48360,1000000
59139,1000000
17402,1000000
59257,1000000
11644,1000000
62442,1000000
49760,1000000
27621,1000000
59255,1000000
35097,1000000
59363,1000000
28230,1000000
34858,1000000
48763,1000000
23487,1000000
31590,1000000
21801,1000000
22245,1000000
82735,1000000
23486,1000000
66908,1000000
41065,1000000
3032,1000000
83913,1000000
55643,1000000
70917,1000000
68540,1000000
68541,1000000
55644,1000000
48659,1000000
60728,1000000
41975,1000000
55379,1000000
55375,1000000
61064,1000000
41983,1000000
61067,1000000
41964,1000000
48660,1000000
61071,1000000
61063,1000000
48658,1000000
71558,1000000
61066,1000000
28501,1000000
28521,1000000
61072,1000000
29121,1000000
39270,1000000
25040,1000000
22108,1000000
67485,1000000
67787,1000000
13960,1000000
73905,1000000
70699,1000000
3369,1000000
17464,1000000
23937,1000000
61003,1000000
3228,1000000
27140,1000000
73937,1000000
29706,1000000
6863,1000000
6104,1000000
36533,1000000
74420,1000000
74094,1000000
72062,1000000
73153,1000000
49439,1000000
4693,1000000
55370,1000000
132606,1000000
86208,1000000
53321,1000000
53320,1000000
53315,1000000
55364,1000000
162016,1000000
55362,1000000
49134,1000000
61961,1000000
55372,1000000
22129,1000000
22124,1000000
2650,1000000
72096,1000000
25682,1000000
6868,1000000
52280,1000000
24801,1000000
6866,1000000
42121,1000000
28311,1000000
5875,1000000
9922,1000000
9913,1000000
25396,1000000
25395,1000000
59279,1000000
59280,1000000
21253,1000000
21254,1000000
26994,1000000
26993,1000000
8257,1000000
49750,1000000
50591,1000000
8241,1000000
34406,1000000
8322,1000000
35183,1000000
35189,1000000
50590,1000000
61551,1000000
35187,1000000
31437,1000000
49766,1000000
21150,1000000
24618,1000000
58262,1000000
46991,1000000
43847,1000000
23935,1000000
54728,1000000
33261,1000000
22826,1000000
21149,1000000
33471,1000000
349,1000000
35059,1000000
38588,1000000
82476,1000000
706,1000000
701,1000000
84802,1000000
68427,1000000
70412,1000000
73642,1000000
714,1000000
720,1000000
62207,1000000
30283,1000000
60829,1000000
72307,1000000
13993,1000000
5909,1000000
5914,1000000
17399,1000000
5906,1000000
2506,1000000
10907,1000000
56029,1000000
12729,1000000
56033,1000000
12395,1000000
12427,1000000
71072,1000000
71023,1000000
167797,1000000
2495,1000000
25358,1000000
33752,1000000
41125,1000000
68666,1000000
29885,1000000
63165,1000000
31351,1000000
60637,1000000
33870,1000000
41126,1000000
58616,1000000
12144,1000000
167844,1000000
60639,1000000
31354,1000000
19654,1000000
12930,1000000
31352,1000000
18741,1000000
14867,1000000
52888,1000000
26249,1000000
167838,1000000
8214,1000000
19653,1000000
35611,1000000
57456,1000000
18747,1000000
4148,1000000
69735,1000000
51501,1000000
34438,1000000
40878,1000000
34459,1000000
7700,1000000
710,1000000
23918,1000000
11113,1000000
37179,1000000
3359,1000000
595,1000000
12472,1000000
17544,1000000
72207,1000000
7893,1000000
2709,1000000
18780,1000000
74424,1000000
2710,1000000
64550,1000000
64549,1000000
51375,1000000
51373,1000000
51374,1000000
48833,1000000
58408,1000000
10188,1000000
64877,1000000
25559,1000000
82910,1000000
33079,1000000
48666,1000000
72871,1000000
69332,1000000
12033,1000000
1236,1000000
8523,1000000
33722,1000000
18338,1000000
83715,1000000
51466,1000000
81445,1000000
40450,1000000
40446,1000000
51469,1000000
58605,1000000
24508,1000000
47285,1000000
51930,1000000
33745,1000000
8291,1000000
34574,1000000
68905,1000000
68910,1000000
12477,1000000
83946,1000000
37732,1000000
43192,1000000
43170,1000000
74148,1000000
64546,1000000
73036,1000000
49699,1000000
63046,1000000
81503,1000000
6867,1000000
86496,1000000
77789,1000000
67335,1000000
166546,1000000
49397,1000000
43649,1000000
70938,1000000
63160,1000000
4689,1000000
52408,1000000
73940,1000000
72945,1000000
3658,1000000
92872,1000000
38585,1000000
38589,1000000
38584,1000000
52046,1000000
48975,1000000
35692,1000000
63164,1000000
48521,1000000
65583,1000000
41110,1000000
53324,1000000
22121,1000000
53329,1000000
41427,1000000
22127,1000000
41425,1000000
82611,1000000
82615,1000000
41430,1000000
53313,1000000
41429,1000000
53318,1000000
55684,1000000
55686,1000000
55685,1000000
55683,1000000
24574,1000000
5010,1000000
8309,1000000
5011,1000000
83306,1000000
60740,1000000
60736,1000000
61335,1000000
32958,1000000
8260,1000000
8284,1000000
61350,1000000
22570,1000000
33658,1000000
166511,1000000
4691,1000000
35525,1000000
82698,1000000
71338,1000000
17726,1000000
71336,1000000
159007,1000000
10150,1000000
61214,1000000
22589,1000000
12896,1000000
71218,1000000
40618,1000000
16455,1000000
40820,1000000
27507,1000000
168090,1000000
55031,1000000
3660,1000000
77719,1000000
53544,1000000
65355,1000000
55055,1000000
35131,1000000
53541,1000000
6865,1000000
50044,1000000
12524,1000000
86263,1000000
42008,1000000
42007,1000000
84410,1000000
67013,1000000
51207,1000000
25577,1000000
51656,1000000
16749,1000000
191793,1000000
10535,1000000
10536,1000000
69753,1000000
11034,1000000
168560,1000000
6864,1000000
65370,1000000
7675,1000000
35645,1000000
804,1000000
787,1000000
25221,1000000
35655,1000000
10173,1000000
49632,1000000
21488,1000000
13815,1000000
11265,1000000
39665,1000000
77451,1000000
29096,1000000
66170,1000000
47995,1000000
19707,1000000
24970,1000000
65749,1000000
53716,1000000
49711,1000000
83992,1000000
58552,1000000
18283,1000000
51101,1000000
67766,1000000
23917,1000000
23930,1000000
70713,1000000
70815,1000000
63867,1000000
28155,1000000
18285,1000000
66402,1000000
28510,1000000
35678,1000000
35906,1000000
29086,1000000
81594,1000000
4353,1000000
6093,1000000
73136,1000000
66398,1000000
4354,1000000
4351,1000000
2942,1000000
65247,1000000
70655,1000000
20426,1000000
4301,1000000
4329,1000000
17005,1000000
39644,1000000
39648,1000000
39649,1000000
3667,1000000
74122,1000000
6869,1000000
13995,1000000
43197,1000000
53517,1000000
15569,1000000
23337,1000000
62210,1000000
11260,1000000
78908,1000000
74034,1000000
37806,1000000
66804,1000000
71680,1000000
74169,1000000
74176,1000000
35666,1000000
35954,1000000
16993,1000000
7727,1000000
83965,1000000
70651,1000000
69440,1000000
7726,1000000
66257,1000000
78910,1000000
56028,1000000
66258,1000000
62430,1000000
86205,1000000
1270,1000000
35453,1000000
18079,1000000
18084,1000000
35455,1000000
168332,1000000
14675,1000000
66611,1000000
169027,1000000
77452,1000000
306,1000000
59988,1000000
308,1000000
62293,1000000
40517,1000000
51208,1000000
33639,1000000
36170,1000000
74449,1000000
169030,1000000
47670,1000000
5243,1000000
35694,1000000
35724,1000000
5237,1000000
21250,1000000
48668,1000000
71220,1000000
70592,1000000
71676,1000000
10976,1000000
4690,1000000
54275,1000000
70537,1000000
71561,1000000
4593,1000000
167560,1000000
61068,1000000
41969,1000000
34347,1000000
17686,1000000
34348,1000000
81464,1000000
17688,1000000
17680,1000000
61062,1000000
43424,1000000
60654,1000000
57837,1000000
34342,1000000
32851,1000000
43846,1000000
4152,1000000
59500,1000000
38587,1000000
13994,1000000
35852,1000000
71508,1000000
60653,1000000
62219,1000000
65204,1000000
68519,1000000
71645,1000000
62137,1000000
168478,1000000
62136,1000000
16744,1000000
68851,1000000
16747,1000000
57908,1000000
4688,1000000
190915,1000000
60111,1000000
66378,1000000
51598,1000000
16940,1000000
52907,1000000
38590,1000000
16539,1000000
76001,1000000
59281,1000000
15498,1000000
9630,1000000
21259,1000000
4318,1000000
81448,1000000
13988,1000000
2769,1000000
2784,1000000
4692,1000000
34177,1000000
71861,1000000
61217,1000000
47705,1000000
363,1000000
9990,1000000
70309,1000000
32177,1000000
10061,1000000
51479,1000000
33078,1000000
11699,1000000
31597,1000000
52593,1000000
71948,1000000
24766,1000000
70596,1000000
70579,1000000
14042,1000000
33756,1000000
18083,1000000
18066,1000000
43567,1000000
14674,1000000
35959,1000000
73204,1000000
37503,1000000
68549,1000000
1222,1000000
24314,1000000
43169,1000000
73255,1000000
4686,1000000
35464,1000000
50588,1000000
166534,1000000
55907,1000000
34412,1000000
35567,1000000
13792,1000000
169028,1000000
43203,1000000
43176,1000000
25236,1000000
62427,1000000
35200,1000000
1255,1000000
4685,1000000
8263,1000000
58618,1000000
55435,1000000
53382,1000000
42640,1000000
10036,1000000
68713,1000000
74256,1000000
21613,1000000
21612,1000000
63177,1000000
63162,1000000
63170,1000000
82575,1000000
18286,1000000
17683,1000000
63166,1000000
40250,1000000
63182,1000000
58560,1000000
31114,1000000
307,1000000
68853,1000000
21251,1000000
53820,1000000
20427,1000000
999,1000000
64596,1000000
13813,1000000
64597,1000000
20015,1000000
49621,1000000
69315,1000000
73101,1000000
35846,1000000
61216,1000000
5290,1000000
68717,1000000
48305,1000000
39662,1000000
13814,1000000
60519,1000000
8651,1000000
60520,1000000
67048,1000000
9917,1000000
49285,1000000
49273,1000000
47973,1000000
24287,1000000
64864,1000000
52073,1000000
3001,1000000
4110,1000000
19561,1000000
26602,1000000
18410,1000000
2245,1000000
53863,1000000
53859,1000000
39887,1000000
58340,1000000
58342,1000000
64983,1000000
58341,1000000
19777,1000000
26676,1000000
2174,1000000
73336,1000000
71725,1000000
64865,1000000
73901,1000000
60357,1000000
3255,1000000
32142,1000000
48237,1000000
2175,1000000
54443,1000000
15320,1000000
48239,1000000
4077,1000000
60341,1000000
19776,1000000
28954,1000000
26681,1000000
8156,1000000
61573,1000000
29000,1000000
67190,1000000
83304,1000000
2370,1000000
70287,1000000
3113,1000000
83270,1000000
