station_id,current_channel,country,tower_id,population
999424,19,USA,30214,
999425,19,USA,30221,
999426,19,USA,30186,
999427,19,USA,30053,
999428,19,USA,30054,
999429,19,USA,30027,
999430,19,USA,30011,
999431,19,USA,30046,
999432,19,USA,30232,
999433,19,USA,30246,
999434,19,USA,30209,
999435,19,USA,30239,
999436,19,USA,30228,
999437,19,USA,30217,
999438,19,USA,30190,
999439,19,USA,30197,
999440,19,USA,30206,
999441,19,USA,30242,
999442,19,USA,30260,
999443,19,USA,30235,
999444,19,USA,30183,
999445,19,USA,30211,
999446,19,USA,30256,
999447,19,USA,30195,
999448,19,USA,30213,
999449,19,USA,30031,
999450,19,USA,30233,
999451,19,USA,30038,
999452,19,USA,30050,
999453,19,USA,30244,
999454,19,USA,30191,
999455,19,USA,30255,
999456,19,USA,30202,
999457,19,USA,30034,
999458,19,USA,30023,
999459,19,USA,30242,
999460,19,USA,30216,
999461,19,USA,30219,
999462,19,USA,30229,
999463,19,USA,30194,
999464,19,USA,30255,
999465,19,USA,30227,
999466,20,USA,30135,
180231,48,CA,40450,
999468,20,USA,30126,
999469,20,USA,30117,
999470,20,USA,30128,
999471,20,USA,30130,
999472,20,USA,30129,
999473,20,USA,30133,
180233,33,CA,40548,
999480,20,USA,30122,
999481,20,USA,30132,
180282,18,CA,40217,
999484,15,USA,30287,
999487,15,USA,30288,
999488,15,USA,30289,
999490,19,USA,30171,
180235,16,CA,40456,
999492,19,USA,30140,
999493,19,USA,30172,
999494,19,USA,30150,
999495,19,USA,30154,
180296,24,CA,40630,
999497,18,USA,30012,
999498,18,USA,30179,
999499,18,USA,30009,
999500,18,USA,30180,
999501,18,USA,30178,
999502,18,USA,30176,
180237,51,CA,40456,
999504,18,USA,30181,
180305,33,CA,40533,
999506,19,USA,30061,
999507,19,USA,30059,
999508,19,USA,30058,
999509,19,USA,30065,
999511,16,USA,30130,
999512,16,USA,30133,
999513,16,USA,30117,
999514,16,USA,30122,
98319,35,CA,50644,
999516,14,USA,30163,
999517,15,USA,30163,
999518,15,USA,30044,
999519,15,USA,30248,
999520,15,USA,30224,
999521,15,USA,30017,
999522,15,USA,30039,
999523,15,USA,30048,
999524,18,USA,30008,
999525,18,USA,30007,
999526,18,USA,30004,
999527,18,USA,30175,
999528,18,USA,30003,
999529,18,USA,30005,
999530,18,USA,30006,
999531,18,USA,30174,
999532,18,USA,30177,
999533,20,USA,30101,
999534,20,USA,30119,
999535,16,USA,30002,
999536,19,USA,30130,
999537,19,USA,30133,
999538,19,USA,30117,
999539,19,USA,30122,
999540,19,USA,30104,
999541,19,USA,30116,
999542,19,USA,30085,
999543,19,USA,30084,
999544,19,USA,30086,
999545,19,USA,30136,
999546,19,USA,30141,
180350,49,CA,40423,
180245,38,CA,40543,
180355,28,CA,40538,
180356,34,CA,40539,
180246,39,CA,40544,
65670,27,USA,716,6735929
41095,44,USA,10273,1142979
180360,47,CA,40539,
180361,44,CA,40551,
180363,36,CA,40420,
180364,24,CA,40315,
180365,26,CA,40316,
180366,38,CA,40316,
180367,18,CA,40063,
180368,29,CA,40063,
180370,49,CA,40194,
180371,51,CA,40112,
180373,17,CA,40311,
180374,21,CA,40311,
180249,31,CA,40521,
180377,16,CA,40310,
180378,39,CA,40309,
180379,48,CA,40310,
180382,27,CA,40300,
180383,14,CA,40108,
180384,25,CA,40108,
180385,29,CA,40106,
180386,19,CA,40193,
180387,31,CA,40193,
180388,35,CA,40193,
98469,29,CA,50643,
180390,28,CA,40314,
180391,33,CA,40314,
180392,22,CA,40105,
98474,44,CA,50381,
180395,45,CA,40190,
180397,14,CA,40173,
180398,24,CA,40173,
180400,24,CA,40304,
180401,39,CA,40304,
180402,45,CA,40304,
180403,22,CA,40068,
98484,39,CA,50341,
180407,45,CA,40115,
180410,15,CA,40098,
180419,30,CA,40183,
180420,36,CA,40184,
180425,40,CA,40198,
180430,22,CA,40072,
180438,44,CA,40303,
180260,46,CA,40426,
180444,18,CA,40187,
180445,20,CA,40188,
180446,26,CA,40186,
180451,40,CA,40181,
180452,44,CA,40188,
180044,31,CA,40582,
24812,20,USA,801,1140336
180461,51,CA,40188,
98543,40,CA,50477,
180464,22,CA,40177,
180264,25,CA,40447,
180466,38,CA,40177,
180467,49,CA,40178,
180468,32,CA,40104,
180469,40,CA,40104,
180474,17,CA,40066,
180475,19,CA,40067,
180476,21,CA,40067,
180478,28,CA,40067,
180479,34,CA,40067,
180480,36,CA,40067,
180481,39,CA,40066,
180482,42,CA,40066,
180484,15,CA,40301,
180490,45,CA,40102,
180271,50,CA,40473,
180512,21,CA,40306,
180514,38,CA,40306,
180515,50,CA,40306,
180520,27,CA,40110,
180521,41,CA,40109,
180524,14,CA,40113,
180274,45,CA,40407,
180526,30,CA,40113,
180527,34,CA,40113,
180528,38,CA,40113,
188721,26,CA,50771,
180531,22,CA,40004,
180532,51,CA,40003,
98613,41,CA,50756,
180536,14,CA,40007,
180537,15,CA,40007,
180538,19,CA,40007,
180539,20,CA,40005,
180540,36,CA,40008,
180541,38,CA,40006,
180543,15,CA,40010,
180544,23,CA,40010,
180545,35,CA,40009,
180281,14,CA,40218,
41314,38,USA,523,2849952
16747,21,USA,256,186868
16749,46,USA,1043,403480
180285,32,CA,40216,
178920,19,CA,40287,
74098,28,USA,237,2816164
8564,22,USA,1236,1900032
180286,35,CA,40218,
98679,42,CA,50776,
5468,23,USA,403,597376
180049,43,CA,40577,
65919,40,USA,941,2271319
98688,15,CA,50553,
178923,31,CA,40287,
188112,18,CA,40763,
8257,19,USA,10019,332190
98370,45,CA,50698,
24975,20,USA,10387,671773
24976,21,USA,10387,671773
24977,41,USA,10384,495918
24978,30,USA,10414,299973
16788,25,USA,1346,3792044
24981,22,USA,10411,1059710
65942,42,USA,650,7135131
65943,44,USA,642,1725648
65944,29,USA,646,5917188
74138,28,USA,1086,1680713
411,30,USA,620,3111600
412,26,USA,809,1618280
413,28,USA,253,1128539
414,29,USA,950,3658794
418,15,USA,841,1905845
74151,47,USA,344,1259515
180295,14,CA,40636,
98742,32,CA,50481,
180297,27,CA,40630,
180298,30,CA,40630,
74176,46,USA,792,731738
450,31,USA,10055,716515
180299,41,CA,40630,
455,39,USA,328,4759218
180300,50,CA,40637,
8653,30,USA,10385,754793
180301,23,CA,40535,
25040,36,USA,415,1049876
188881,42,CA,40578,
98770,44,CA,50710,
180302,44,CA,40535,
98774,44,CA,50564,
180303,48,CA,40535,
41436,18,USA,369,6845258
49632,28,USA,9,302727
180304,39,CA,40612,
74211,21,USA,326,5770407
74215,40,USA,550,19153378
74216,28,USA,10135,3173012
25065,28,USA,625,2782738
25067,16,USA,621,3313952
180306,49,CA,40532,
180719,45,MX,70038,
57840,30,USA,796,1236040
180721,39,MX,70137,
180722,43,MX,70137,
25078,24,USA,10179,1182349
180308,43,CA,40553,
35584,42,USA,133,340504
98147,16,CA,50602,
35585,27,USA,170,89105
180311,50,CA,40435,
179781,38,CA,40349,
74256,20,USA,287,70745
41493,49,USA,10054,98889
180313,35,CA,40554,
97768,51,CA,50703,
180762,33,CA,40233,
180764,44,MX,70086,
180766,33,MX,70040,
180767,29,MX,70066,
180768,21,MX,70078,
180769,22,MX,70077,
16930,44,USA,10353,4828933
180772,31,MX,70068,
180773,35,MX,70068,
180774,47,MX,70074,
180776,35,MX,70094,
180316,27,CA,40419,
180778,26,MX,70103,
180779,32,MX,70090,
180780,38,MX,70091,
180781,45,MX,70090,
180782,24,MX,70142,
180317,28,CA,40419,
180784,21,MX,70121,
180785,23,MX,70156,
180786,33,MX,70154,
180787,44,MX,70139,
57908,24,USA,10181,11017
180318,19,CA,40559,
180790,27,MX,70065,
57911,48,USA,10160,109862
33336,47,USA,591,2175056
180793,14,MX,70051,
180794,22,MX,70053,
180319,33,CA,40559,
180796,24,MX,70167,
180797,31,MX,70165,
180798,51,MX,70161,
180800,34,MX,70109,
180320,39,CA,40628,
180802,38,MX,70112,
180803,26,MX,70147,
180804,44,MX,70017,
180805,46,MX,70009,
180806,46,MX,70013,
180808,45,MX,70012,
180809,47,MX,70046,
180810,35,MX,70134,
180811,42,MX,70054,
180812,31,MX,70072,
180322,48,CA,40626,
180814,49,MX,70110,
180815,28,MX,70123,
180817,29,MX,70134,
594,32,USA,963,1513209
180323,23,CA,40613,
25173,19,USA,782,1950660
179930,38,CA,40496,
178959,21,CA,40077,
180325,31,CA,40534,
608,26,USA,1000,264246
16993,16,USA,1323,798355
180326,33,CA,40540,
179784,50,CA,40348,
617,22,USA,10047,641563
74197,38,USA,550,19870485
180327,44,CA,40540,
180057,34,CA,40576,
178963,31,CA,40134,
17012,16,USA,1035,1575131
629,51,USA,10047,623288
74358,39,USA,10264,470080
180329,27,CA,40560,
178964,48,CA,40140,
66170,41,USA,293,658763
186877,41,MX,70128,
66174,28,USA,924,1531170
180331,50,CA,40558,
73764,41,USA,10313,3031667
25221,33,USA,6,317166
180332,26,CA,40432,
189067,42,CA,40578,
97496,16,CA,50128,
17037,36,USA,1138,5370280
180333,30,CA,40433,
82576,19,USA,662,22618
25236,15,USA,1073,322502
664,25,USA,1389,45471
82585,18,USA,743,80096
16389,39,USA,10137,419319
33440,32,USA,1001,1088945
34211,44,USA,699,783028
56092,21,USA,463,4440884
66219,15,USA,442,872490
178973,32,CA,40035,
164528,30,MX,70146,
189105,35,CA,40741,
74419,36,USA,358,1746650
82613,33,USA,746,63562
74422,26,USA,356,1525928
82615,24,USA,23,69555
701,42,USA,1168,732963
180258,40,CA,40425,
47904,48,USA,718,7076928
706,27,USA,1167,576855
82627,46,USA,246,1018095
710,44,USA,1223,337274
41671,35,USA,413,1258655
180060,29,CA,40409,
713,24,USA,1013,1095962
178978,25,CA,40220,
720,19,USA,1164,337750
71119,23,USA,10236,249406
179549,29,CA,40657,
178981,51,CA,40136,
74464,50,USA,10133,4662779
180347,36,CA,40549,
180061,30,CA,40410,
62219,48,USA,342,280608
180348,42,CA,40549,
180349,39,CA,40423,
97681,27,CA,50677,
126,32,USA,572,3012227
37099,47,USA,830,1157469
179331,51,CA,40135,
33543,22,USA,1004,1128731
180335,16,CA,40510,
180354,16,CA,40539,
181006,45,CA,40539,
181007,46,CA,40539,
181008,27,CA,40089,
66321,35,USA,10341,1907864
787,35,USA,10003,314120
8985,17,USA,10254,824548
8986,29,USA,10212,581150
8988,28,USA,10314,1846596
180357,40,CA,40538,
25382,39,USA,900,1449036
180015,21,CA,40457,
180336,22,CA,40510,
82735,24,USA,1283,408604
17203,25,USA,10066,505363
25396,32,USA,183,508451
66358,20,USA,1376,4908409
9015,36,USA,1190,947799
179439,24,CA,40332,
180193,44,CA,40528,
180362,48,CA,40551,
74559,49,USA,10438,2516462
179877,26,CA,40677,
180337,28,CA,40511,
66378,21,USA,713,1072745
180189,38,CA,40424,
57274,16,USA,251,1120183
180259,45,CA,40429,
9054,18,USA,1037,1346851
180065,31,CA,40635,
144,49,USA,1238,1781744
66402,42,USA,225,663947
180338,40,CA,40510,
180369,25,CA,40194,
9064,16,USA,1022,1847814
189291,16,CA,50706,
73875,43,USA,518,3112828
33658,19,USA,104,264050
50044,38,USA,1201,265800
180066,18,CA,40471,
180339,46,CA,40511,
179932,46,CA,40497,
9098,30,USA,10001,81770
180375,28,CA,40312,
9100,34,USA,10001,81769
179521,36,CA,40481,
50063,17,USA,464,2981973
98232,40,CA,50782,
58261,43,USA,10450,718669
58262,16,USA,1181,671203
8214,25,USA,812,2102668
86532,35,USA,825,78409
65690,50,USA,622,3509162
178976,14,CA,40136,
180340,49,CA,40511,
16539,49,USA,1217,340943
41892,41,USA,10118,181912
17320,15,USA,10327,154423
179998,40,CA,40735,
43847,40,USA,1178,539153
180381,19,CA,40299,
179795,29,CA,40731,
33716,15,USA,1194,856722
24582,51,USA,1331,3031828
178977,23,CA,40136,
25538,32,USA,10452,248781
180079,35,CA,40368,
25544,33,USA,950,3188754
96870,45,CA,50562,
33745,24,USA,472,420463
178705,39,CA,40295,
33752,21,USA,72,236557
50141,35,USA,515,1238485
82910,38,USA,1337,476030
180389,41,CA,40193,
41223,17,USA,1052,3237766
993,24,USA,885,945978
50147,27,USA,633,722786
58340,21,USA,1415,3047110
41126,17,USA,10280,63539
58342,39,USA,1405,1775051
999,21,USA,595,2118347
66536,14,USA,618,1424003
25577,42,USA,1044,385269
1002,26,USA,1084,1774040
189419,49,MX,80019,
31570,40,USA,1275,581968
41969,16,USA,162,117585
33778,51,USA,732,6623154
64339,19,USA,10328,67499
17399,33,USA,10015,75296
17402,35,USA,10024,150178
180343,21,CA,40549,
180394,16,CA,40189,
164865,27,CA,40621,
179959,18,CA,40464,
181251,21,MX,70120,
189446,17,CA,40285,
49324,14,USA,1137,5462595
180071,19,CA,40367,
49326,43,USA,1139,5348596
50198,31,USA,909,601984
164888,18,CA,40740,
180344,23,CA,40549,
33818,21,USA,10402,1192704
180399,23,CA,40304,
41225,22,USA,1328,3275970
178951,45,CA,40052,
51284,28,USA,10107,313721
24753,19,USA,882,146965
58408,23,USA,1341,487251
180315,43,CA,40406,
49330,41,USA,1134,5461148
43870,47,USA,435,3742746
180345,29,CA,40550,
17464,49,USA,10337,556178
180404,49,CA,40068,
180102,26,CA,40453,
180405,24,CA,40191,
64352,15,USA,254,1044978
180406,36,CA,40191,
179982,25,CA,40400,
66633,38,USA,10218,683083
97915,25,CA,50531,
42061,29,USA,925,1534679
33870,24,USA,10241,191465
180073,25,CA,40366,
1104,28,USA,10115,71237
180408,33,CA,40100,
25682,40,USA,359,2880616
33875,35,USA,658,6334186
25684,41,USA,506,991005
180346,32,CA,40549,
25686,42,USA,601,976867
180409,49,CA,40298,
179988,48,CA,40402,
31590,46,USA,1288,958137
180412,26,CA,40097,
179047,15,CA,40239,
180074,28,CA,40369,
180413,49,CA,40097,
1136,48,USA,475,1779627
178953,42,CA,40165,
180414,20,CA,40192,
52073,27,USA,1408,3421463
25722,33,USA,10071,2916260
1151,17,USA,887,912551
35500,30,USA,726,6752595
180417,16,CA,40183,
17544,16,USA,10361,463994
56172,25,USA,10249,38920
180075,29,CA,40368,
42124,48,USA,503,763693
180418,17,CA,40184,
35693,43,USA,684,2851600
180421,42,CA,40184,
180043,25,CA,40581,
180422,43,CA,40182,
9382,48,USA,10095,7527312
33959,33,USA,10033,119817
180424,18,CA,40198,
57545,20,USA,10294,815253
58559,17,USA,10368,37393
58560,19,USA,1205,130373
58561,42,USA,10351,131900
57547,49,USA,10293,830717
1222,44,USA,510,642469
180077,32,CA,40369,
58568,44,USA,10347,15310
180428,16,CA,40111,
58571,34,USA,10349,4146
9425,21,USA,10453,4294106
180207,26,CA,40621,
180004,40,CA,40699,
17625,43,USA,303,348825
180431,32,CA,40072,
66781,39,USA,30,3564902
179805,20,CA,40761,
189663,14,CA,50618,
180432,46,CA,40111,
47995,19,USA,291,299064
66790,28,USA,10407,3970544
180433,34,CA,40313,
162684,47,CA,40166,
83180,50,USA,1384,520021
83181,14,USA,672,84727
58609,18,USA,660,3330323
66804,50,USA,791,551423
162686,18,CA,40279,
1270,23,USA,283,226316
66807,19,USA,10209,1330978
58616,41,USA,10241,362575
58618,28,USA,467,121862
179806,23,CA,40761,
180437,22,CA,40303,
162689,40,CA,40277,
162690,21,CA,40087,
189718,17,CA,50774,
189719,42,CA,40743,
179807,24,CA,40766,
162694,51,CA,40087,
179552,48,CA,40575,
65758,41,USA,770,239609
179808,38,CA,40761,
97446,15,CA,50464,
58684,28,USA,44,661393
180146,34,CA,40606,
180081,17,CA,40370,
180448,32,CA,40188,
83270,43,USA,1420,1
180449,33,CA,40188,
180026,17,CA,40675,
65749,24,USA,331,678921
25932,16,USA,868,1999194
17742,36,USA,10196,453025
48013,41,USA,10367,96918
66908,40,USA,1286,939659
180453,46,CA,40188,
179088,31,CA,40221,
58725,44,USA,348,1426706
83304,23,USA,1422,1
83306,30,USA,274,130330
162706,20,CA,40293,
83310,45,USA,1077,525565
12520,45,USA,1257,1564260
58739,25,USA,10044,820531
179810,49,CA,40761,
42359,46,USA,1138,5317188
34171,26,USA,708,488109
34174,36,USA,837,323040
17791,18,USA,10220,262853
189824,23,CA,50783,
189825,29,CA,50752,
34181,43,USA,781,853377
73964,45,USA,252,1153711
9610,33,USA,550,19839924
162711,32,CA,40093,
9614,44,USA,10455,3841281
37101,45,USA,578,2578713
34195,38,USA,695,1296301
34196,16,USA,788,381579
162713,32,CA,40297,
34200,24,USA,790,423712
34202,15,USA,703,336930
180463,15,CA,40177,
34205,30,USA,775,529627
9630,48,USA,109,158697
50591,29,USA,151,478785
66978,34,USA,10095,7055966
9635,39,USA,180,1130936
34212,42,USA,777,419963
71238,29,USA,10430,452262
17830,44,USA,10403,1215187
66983,15,USA,10194,258976
26025,32,USA,230,1271426
189866,35,CA,50778,
58795,26,USA,1042,13384542
34222,14,USA,785,542068
66996,29,USA,10174,186747
66999,42,USA,10259,331548
67000,23,USA,10038,643128
67001,14,USA,10068,131620
67002,33,USA,10027,2930599
180154,47,CA,40413,
49397,49,USA,588,520192
34243,43,USA,10221,95927
67013,21,USA,10304,309439
67014,49,USA,10172,2268405
58827,19,USA,1112,3142873
67020,17,USA,10301,514573
67022,21,USA,10269,1116286
179813,15,CA,40356,
58835,32,USA,1306,4846901
41210,45,USA,1272,1246173
7078,28,USA,907,983348
41212,39,USA,1006,1009465
188777,15,CA,40622,
179814,20,CA,40357,
180477,26,CA,40067,
180087,27,CA,40463,
73982,39,USA,367,6883140
73983,22,USA,410,1656380
162730,31,CA,40287,
132606,16,USA,64,124311
180209,35,CA,40621,
97611,18,CA,50476,
67077,46,USA,867,1790094
257,45,USA,10159,76894
98253,16,CA,50562,
9739,44,USA,652,5585589
97895,39,CA,50636,
67089,16,USA,878,1351651
162734,46,CA,40287,
34329,20,USA,349,970124
9754,46,USA,1234,1735713
72623,14,USA,340,132291
180485,16,CA,40302,
58912,43,USA,726,6564084
9762,50,USA,870,1859999
49153,47,USA,656,5489755
180486,38,CA,40301,
9766,36,USA,10079,69473
179816,28,CA,40355,
58927,43,USA,10310,334845
9781,26,USA,1207,1374111
180489,24,CA,40101,
179125,34,CA,40379,
180491,51,CA,40103,
67140,48,USA,10366,6071
162742,22,CA,40172,
162743,36,CA,40170,
180090,16,CA,40634,
269,28,USA,10128,1220473
162744,40,CA,40168,
4691,33,USA,104,252358
41230,24,USA,593,2320953
165463,25,MX,70011,
165464,28,MX,70011,
165465,33,MX,70150,
165466,51,MX,70150,
50780,51,USA,463,6228879
162746,50,CA,40169,
50782,17,USA,956,2813089
58978,38,USA,985,14560779
179131,36,CA,40151,
64444,31,USA,590,2229670
180091,47,CA,40634,
180498,28,CA,40176,
179133,20,CA,40271,
180499,30,CA,40176,
179134,21,CA,40280,
67190,49,USA,1417,2561561
26231,42,USA,984,14817267
180500,31,CA,40176,
41237,32,USA,881,1335563
162752,24,CA,40282,
180218,38,CA,40525,
41238,20,USA,282,181319
34438,31,USA,10243,667806
34439,20,USA,738,1509677
34440,32,USA,654,1510026
26249,32,USA,814,841905
180503,48,CA,40176,
42636,41,USA,676,2172507
34445,23,USA,1380,768584
42640,17,USA,467,120038
180505,46,CA,40311,
9881,46,USA,1331,3179261
34459,25,USA,877,698660
49157,27,USA,947,2927478
98258,23,CA,50265,
42665,35,USA,235,2892570
180509,23,CA,40308,
162760,45,CA,40052,
28926,33,USA,10066,178181
9908,26,USA,239,674941
9913,21,USA,181,102070
9917,24,USA,148,220410
179821,26,CA,40520,
26304,39,USA,1304,1968732
9922,17,USA,182,392183
60888,24,USA,10232,97006
8241,23,USA,10018,310804
180513,34,CA,40307,
180212,51,CA,40621,
162765,42,CA,40165,
9939,39,USA,10116,193587
42710,35,USA,10434,316503
180092,21,CA,40478,
188708,17,CA,40610,
179283,19,CA,40261,
179151,23,CA,40034,
188709,17,CA,40610,
18148,28,USA,10165,942950
34537,15,USA,43,673911
180519,25,CA,40110,
9971,21,USA,841,1934644
179550,33,CA,40575,
162772,24,CA,40163,
180047,32,CA,40582,
83707,25,USA,1122,51237
69619,45,USA,726,6922996
83714,26,USA,66,56819
9987,42,USA,809,1493611
34564,36,USA,733,7024165
9989,44,USA,809,1257227
9990,46,USA,806,601419
67335,27,USA,585,533569
98197,32,CA,50779,
162775,23,CA,40078,
179278,35,CA,40029,
34574,23,USA,10109,146141
180525,23,CA,40114,
179160,39,CA,40144,
67347,39,USA,831,373881
65528,22,USA,385,1251830
83735,43,USA,1079,424040
179824,43,CA,40520,
83740,23,USA,1270,1270787
162778,48,CA,40140,
59013,36,USA,735,1440826
10019,30,USA,720,4673557
59014,42,USA,668,896753
180529,48,CA,40114,
74034,42,USA,352,672622
34606,31,USA,10369,182019
162781,30,CA,40037,
13960,18,USA,417,1058606
307,16,USA,1204,129289
162782,32,CA,40035,
179825,48,CA,40519,
308,20,USA,1129,258039
18252,41,USA,849,1749439
69944,32,USA,190,543916
162787,20,CA,40220,
33081,39,USA,459,4512797
46981,35,USA,683,2859137
10073,31,USA,10425,1597705
18267,17,USA,934,1232217
27621,18,USA,10034,436150
162790,17,CA,40137,
18283,43,USA,759,542289
18285,36,USA,223,531200
83822,27,USA,935,502288
83825,20,USA,741,22020
179827,31,CA,40599,
59255,24,USA,202,552323
59257,27,USA,10023,5821
180100,22,CA,40454,
18301,50,USA,606,449072
179175,14,CA,40030,
179597,17,CA,40709,
179555,34,CA,40561,
59280,29,USA,182,337754
10132,43,USA,188,499711
10133,42,USA,954,2208828
34457,31,USA,1356,949079
180101,23,CA,40454,
49711,16,USA,329,546576
19439,21,USA,10265,572593
67485,45,USA,10096,323490
51102,23,USA,763,716293
180549,15,CA,40015,
179184,38,CA,40231,
18338,32,USA,994,81284
10153,19,USA,10106,1697091
180551,21,CA,40012,
179829,42,CA,40599,
49439,45,USA,516,3171745
180552,25,CA,40011,
165815,28,MX,70002,
68597,23,USA,137,3265243
179284,42,CA,40265,
10177,20,USA,476,1802025
179190,21,CA,40254,
46753,45,USA,10063,29940
180556,50,CA,40013,
67532,47,USA,10147,1926585
38562,32,USA,10374,1042184
10192,33,USA,117,2502679
18083,42,USA,10016,71813
334,20,USA,10166,1474163
83929,42,USA,1370,5065372
8523,19,USA,896,341568
10204,17,USA,10443,83173
10205,40,USA,657,6009160
10212,20,USA,313,2128717
10213,47,USA,536,5617068
83945,42,USA,1316,1754085
83946,49,USA,1076,569993
98029,16,CA,50221,
180104,23,CA,40591,
24618,45,USA,1177,661621
10228,15,USA,558,369895
51189,19,USA,726,6848798
5801,22,USA,114,2502010
8532,28,USA,431,3707652
10238,18,USA,1110,3013831
180565,14,CA,40019,
3072,46,USA,455,3654278
10242,46,USA,658,5793933
180566,22,CA,40017,
35841,23,USA,1132,5440694
10253,27,USA,616,1994235
180568,36,CA,40018,
67602,48,USA,1331,2772850
10259,39,USA,641,897957
180569,47,CA,40016,
10264,25,USA,10248,1327317
10265,45,USA,10255,591383
10267,41,USA,323,5757174
180570,51,CA,40016,
34846,22,USA,1391,65299
26655,51,USA,1050,3234882
34167,51,USA,697,1814346
179206,15,CA,40251,
51241,38,USA,1382,784342
34859,16,USA,1388,130280
59438,22,USA,627,3197134
349,22,USA,10380,411502
59440,15,USA,1057,3228690
59441,15,USA,432,4183026
59442,38,USA,647,8180027
34867,35,USA,1380,783321
59444,42,USA,676,2172042
26681,15,USA,1401,3554220
179210,26,CA,40243,
179211,29,CA,40243,
163740,42,CA,40621,
34894,31,USA,10152,1659500
34895,50,USA,10112,365618
38584,38,USA,1150,264171
2130,48,USA,10424,912346
179214,40,CA,40139,
43095,33,USA,726,6497340
162700,44,CA,40090,
178925,41,CA,40290,
38586,25,USA,1254,1090621
59494,14,USA,742,112685
179217,16,CA,40245,
39665,39,USA,292,665340
22204,26,USA,1307,4811918
180108,16,CA,40417,
16743,28,USA,10051,52609
59500,14,USA,10379,283189
97506,16,CA,50550,
71357,43,USA,1319,1706133
179219,23,CA,40246,
22206,44,USA,550,19682660
98665,18,CA,50456,
84088,23,USA,193,801047
179220,32,CA,40246,
60357,22,USA,1394,833830
38591,24,USA,1147,841991
188778,27,CA,40386,
2174,16,USA,1414,2816584
2175,25,USA,1411,1526026
363,19,USA,804,567244
179222,49,CA,40244,
180109,21,CA,40414,
97779,22,CA,50260,
71363,17,USA,1267,1402810
51349,40,USA,1372,4846867
179225,36,CA,40227,
179226,41,CA,40227,
43168,20,USA,1157,828027
43169,44,USA,1159,662819
35867,33,USA,1237,1932529
180110,24,CA,40411,
5802,43,USA,1331,2864074
43176,25,USA,1074,416363
97561,50,CA,50187,
51373,30,USA,10420,11148
51374,20,USA,10436,59373
51375,47,USA,10435,255156
43184,18,USA,1218,597742
73998,15,USA,836,142267
179230,15,CA,40133,
67766,46,USA,758,463183
179565,42,CA,40649,
179231,33,CA,40131,
180050,45,CA,40579,
84157,21,USA,1059,103282
43203,32,USA,1075,446412
2245,36,USA,10461,719180
64545,26,USA,229,1829477
67784,49,USA,335,1538949
67786,17,USA,764,529473
179234,27,CA,40223,
166094,34,MX,70012,
166095,50,MX,70110,
73999,34,USA,767,664566
179235,50,CA,40223,
67798,44,USA,709,558784
166106,48,MX,70139,
35037,49,USA,667,2070330
40993,24,USA,1053,3240120
180214,22,CA,40526,
84214,34,USA,1007,1132551
179242,32,CA,40026,
84225,46,USA,900,1213287
10498,17,USA,10208,1342571
179243,38,CA,40026,
51467,24,USA,10251,3
35084,42,USA,893,926246
51469,26,USA,10292,49157
14040,18,USA,576,3012286
35090,22,USA,10332,3247196
2325,23,USA,334,2219387
35095,44,USA,1192,901493
35096,25,USA,398,1096841
35097,39,USA,205,466234
67866,17,USA,10139,13590931
67868,20,USA,1051,3231852
35101,49,USA,10094,7878321
180114,46,CA,40415,
35104,32,USA,990,220672
51489,17,USA,10188,2604
51490,49,USA,10207,1193707
51491,43,USA,391,1255877
51493,26,USA,561,584393
10535,38,USA,10307,318596
10536,31,USA,10305,376123
51499,21,USA,659,6786198
18732,16,USA,10245,571738
51502,23,USA,395,953062
18736,31,USA,10167,1643935
35123,34,USA,972,15168122
18740,22,USA,10189,982114
10549,35,USA,10426,1760113
67895,29,USA,10041,389983
18745,14,USA,10189,981748
34527,19,USA,1381,831522
18748,14,USA,10277,295962
35134,19,USA,10201,1489042
18753,26,USA,429,3730672
2370,20,USA,1421,1
26950,50,USA,10354,4563934
34177,48,USA,778,342928
8263,22,USA,467,122375
10587,50,USA,1190,925015
18780,30,USA,227,422833
18783,47,USA,367,6686513
18793,27,USA,138,861784
98009,27,CA,50472,
67950,14,USA,37,3628472
35183,22,USA,198,66346
51568,42,USA,543,8330207
35187,45,USA,201,78131
35189,17,USA,153,465800
35190,45,USA,387,1211692
2424,51,USA,10168,1663748
9628,43,USA,969,15516366
179264,33,CA,40032,
67971,46,USA,1373,4887723
179724,36,CA,40500,
51597,40,USA,701,882998
51598,35,USA,1216,898324
179267,33,CA,40274,
9629,32,USA,136,3469731
67993,27,USA,450,16827736
67999,15,USA,902,1409132
43424,27,USA,258,565971
179793,17,CA,40731,
57912,25,USA,10182,109082
166319,49,USA,760,567891
180119,28,CA,40376,
35255,49,USA,10190,509801
180213,16,CA,40526,
84410,30,USA,1126,254502
166332,31,USA,753,748041
2495,44,USA,75,381425
74007,28,USA,412,1467150
416,24,USA,1190,972428
417,19,USA,711,1306382
180270,48,CA,40474,
179276,27,CA,40028,
2506,14,USA,73,245109
59852,42,USA,10116,432243
35277,40,USA,1111,2984182
35283,23,USA,10320,21395
22179,38,USA,10284,153335
57368,48,USA,10020,52239
68058,44,USA,1091,4545820
84453,51,USA,494,306852
76268,29,USA,890,932285
180121,35,CA,40547,
35313,26,USA,892,936518
38588,23,USA,1252,658830
51708,25,USA,1198,851398
2561,50,USA,10448,9428
27140,42,USA,1100,1457856
10758,46,USA,648,7466015
35336,27,USA,297,816072
74156,48,USA,451,15968425
179343,41,CA,40325,
180122,29,CA,40627,
179288,14,CA,40230,
57370,42,USA,10020,116673
83715,31,USA,897,314479
179289,16,CA,40235,
180216,29,CA,40525,
179577,25,CA,40494,
96924,47,CA,50316,
179291,18,CA,40235,
16817,43,USA,327,5671826
68136,47,USA,10102,53398
68137,24,USA,10105,151192
180123,18,CA,40441,
13929,46,USA,527,710122
10802,47,USA,407,9363981
35380,40,USA,117,2494427
16820,36,USA,1086,1574177
87,34,USA,10210,33704
3167,25,USA,10286,8925795
35388,24,USA,906,1448988
41397,21,USA,610,2128867
35396,31,USA,32,3529641
179299,41,CA,40235,
27220,16,USA,487,195296
178762,16,CA,40087,
35417,26,USA,683,2901423
35418,38,USA,10333,3535331
35419,42,USA,39,3643870
74170,35,USA,457,4452383
51806,39,USA,10383,480932
361,27,USA,179,1120722
179852,15,CA,40684,
178761,15,CA,40087,
34577,46,USA,10143,494915
180125,23,CA,40477,
162704,30,CA,40058,
35434,45,USA,830,1301764
27245,28,USA,1188,819745
166510,38,USA,482,2870082
188861,20,CA,40610,
166512,23,USA,1158,460485
60018,40,USA,1332,3154447
10869,25,USA,10073,31784
19561,18,USA,1395,2637545
35453,39,USA,10004,69466
16729,23,USA,987,3498579
43649,43,USA,10150,231858
35460,30,USA,115,2503218
166534,51,USA,156,149101
35464,39,USA,10021,137450
180221,39,CA,40444,
10894,34,USA,1267,1203835
10897,47,USA,807,1402435
2708,41,USA,179,1106612
2709,49,USA,171,346248
2710,17,USA,228,465398
2711,22,USA,10028,59553
51864,34,USA,362,3241205
27290,36,USA,1367,4988434
166555,25,CA,40606,
166556,22,CA,40606,
36916,47,USA,1195,849763
2722,28,USA,1114,833849
166563,20,CA,40621,
27300,16,USA,1303,1866183
166567,14,CA,50632,
166570,17,CA,40675,
2731,30,USA,1116,992995
24914,36,USA,700,1001370
51886,27,USA,10177,49815
2739,35,USA,10312,3125126
35512,48,USA,817,1759193
36917,22,USA,1380,795225
178764,21,CA,40087,
35525,17,USA,100,293108
51913,48,USA,10097,581279
179319,15,CA,40382,
2769,20,USA,915,427924
179583,15,CA,40658,
179321,29,CA,40383,
51930,28,USA,10142,1823765
179322,40,CA,40386,
178765,23,CA,40090,
74192,36,USA,1313,1838947
10981,43,USA,408,9300173
179324,48,CA,40260,
19183,41,USA,1360,1521992
41427,31,USA,90,118153
179326,34,CA,40138,
19190,46,USA,424,2058357
19191,20,USA,557,467951
35576,19,USA,1291,1348174
35582,14,USA,961,617575
19199,48,USA,1029,1175443
19200,34,USA,852,1450385
51969,51,USA,1018,5248476
97409,22,CA,50763,
35594,38,USA,739,1470842
51980,26,USA,460,3457626
125710,18,USA,1297,1873896
180639,50,MX,70040,
51984,31,USA,541,7605673
11027,42,USA,427,1988194
51988,16,USA,1351,2745977
11029,30,USA,10318,139617
35606,36,USA,41,675099
51991,32,USA,769,866443
35608,18,USA,984,15092239
11033,45,USA,314,1954258
11034,20,USA,10317,91870
35611,31,USA,811,3295359
179333,31,CA,40204,
27425,43,USA,1382,788263
27431,29,USA,1123,75424
68393,17,USA,10124,997346
68394,40,USA,10130,1099870
68395,35,USA,10127,1247216
68396,19,USA,10129,1970631
35630,19,USA,762,927046
68400,27,USA,10119,982742
68401,44,USA,10125,429096
179537,51,CA,40641,
68406,18,USA,10206,1012726
68407,18,USA,10121,172253
68408,28,USA,10123,447130
68409,35,USA,10158,72449
35648,15,USA,1142,1041897
84802,29,USA,1165,669187
35652,28,USA,1145,1104462
63927,46,USA,1117,877852
43846,21,USA,1224,425519
35655,20,USA,8,310040
68427,22,USA,1170,533892
4329,22,USA,692,269927
180056,35,CA,40570,
35663,50,USA,733,7041690
29464,27,USA,10291,99059
68433,19,USA,309,1905418
35666,26,USA,998,522925
35670,31,USA,973,15716471
180133,32,CA,40455,
68444,18,USA,10069,4419614
97425,48,CA,50636,
27496,41,USA,10231,34376
11113,30,USA,1175,1210668
52075,29,USA,443,238540
35692,27,USA,1071,667461
52077,24,USA,10103,336373
27502,22,USA,10228,304745
27504,27,USA,858,823121
57832,25,USA,809,1532185
11123,49,USA,1366,2395723
11125,21,USA,1346,3757316
35703,44,USA,726,6732102
35705,33,USA,1057,3229400
179349,27,CA,40327,
98027,17,CA,50291,
98166,31,CA,50754,
179351,49,CA,40322,
57837,30,USA,258,496414
180169,26,CA,40639,
98057,28,CA,50399,
179354,40,CA,40326,
8688,48,USA,956,3015975
68518,31,USA,919,1617931
68519,39,USA,918,610212
96937,47,CA,50756,
24570,27,USA,10404,1415862
43952,18,USA,544,19134661
3001,46,USA,1400,2639322
68538,40,USA,10377,223558
68542,30,USA,1156,920896
60353,21,USA,913,567077
60354,15,USA,832,577133
68547,43,USA,232,2042290
11204,33,USA,624,3124880
68549,25,USA,10114,296340
179361,15,CA,40118,
180022,47,CA,40759,
179362,17,CA,40118,
180137,30,CA,40448,
36003,44,USA,762,894649
3032,45,USA,10392,431645
179365,26,CA,40118,
60384,28,USA,1240,272286
68581,19,USA,573,3009064
19431,38,USA,10156,1874282
72871,30,USA,1039,780154
178774,49,CA,40087,
35823,34,USA,475,1804286
68594,34,USA,137,3341748
180411,25,CA,40099,
179369,23,CA,40121,
11260,34,USA,353,637840
35843,45,USA,135,3426740
35852,30,USA,1244,730397
180139,35,CA,40449,
52240,25,USA,10418,267224
98276,34,CA,50703,
44052,25,USA,1115,923409
35862,35,USA,15,1728817
11291,34,USA,592,2310404
98167,31,CA,50600,
179867,24,CA,40606,
179377,34,CA,40125,
3113,17,USA,1419,10974
35882,36,USA,10375,1326461
35883,34,USA,571,3017949
179378,43,CA,40125,
179183,28,CA,40231,
179379,45,CA,40126,
68663,22,USA,10238,38744
52280,39,USA,501,638390
68666,17,USA,10238,83975
3133,21,USA,1035,1304913
97949,26,CA,50271,
35906,46,USA,223,327326
35907,40,USA,136,3446435
35908,30,USA,934,1464986
35909,27,USA,1232,1020153
35910,15,USA,10372,630808
35911,28,USA,10372,306939
35912,45,USA,10376,39703
35913,40,USA,10406,9708
179383,29,CA,40197,
35916,31,USA,10378,10563
35918,51,USA,10375,1036099
35920,21,USA,1238,1928427
35921,40,USA,10405,63413
35923,44,USA,10371,17177
68695,43,USA,482,2863994
180753,50,MX,70161,
11371,42,USA,10343,1188386
68717,29,USA,86,139402
65526,38,USA,726,6890408
60534,48,USA,1139,5384229
60536,47,USA,1371,4883019
60537,36,USA,1306,4844497
34204,24,USA,629,1994173
60539,50,USA,408,9306064
27772,33,USA,716,7319909
177941,23,MX,80193,
60549,29,USA,972,15187136
60551,27,USA,365,7150511
60552,41,USA,649,6713657
19593,22,USA,766,698215
48662,39,USA,1186,833980
60555,30,USA,550,19128771
60556,34,USA,433,4085203
60559,47,USA,1343,3626333
60560,29,USA,541,8485175
68753,51,USA,1195,846457
179395,35,CA,40328,
18286,17,USA,287,80144
179598,19,CA,40709,
35991,22,USA,665,1122937
35994,40,USA,1134,5470501
60571,44,USA,231,2147588
3228,31,USA,1098,1012382
179397,15,CA,40207,
56028,36,USA,208,252542
179053,48,CA,40238,
57884,29,USA,476,1787618
3246,27,USA,1382,829833
180765,45,MX,70171,
98168,31,CA,50494,
3255,50,USA,1392,916188
52408,42,USA,306,1160124
179593,51,CA,40712,
19654,15,USA,873,434163
179404,39,CA,40207,
52426,31,USA,10217,326208
97765,40,CA,50626,
180770,23,MX,70077,
52430,36,USA,10217,230818
52429,46,USA,10257,189233
52432,33,USA,10216,31436
49699,16,USA,141,273299
34207,42,USA,784,742777
179406,47,CA,40207,
15567,16,USA,10074,69447
60637,27,USA,967,1158785
60639,17,USA,10282,129332
68834,42,USA,1138,5369897
15569,20,USA,10075,153984
60653,18,USA,350,632326
60654,29,USA,259,1351462
179734,48,CA,40354,
183541,17,CA,40546,
180777,32,MX,70115,
180330,40,CA,40558,
19707,22,USA,331,576967
180147,40,CA,40606,
179649,45,CA,40746,
54940,41,USA,1330,3196788
60675,16,USA,671,116948
77063,35,USA,752,712400
82476,50,USA,1256,1157227
2566,50,USA,900,1342061
179985,31,CA,40400,
36117,46,USA,414,1242051
68886,26,USA,1054,3237158
68889,40,USA,475,1796564
180783,22,MX,70107,
179418,19,CA,40201,
159007,31,USA,68,111224
49712,21,USA,1153,759428
67462,16,USA,10161,985595
3369,16,USA,10336,476140
98041,22,CA,50781,
68910,39,USA,10298,104475
68911,18,USA,10261,126799
57907,28,USA,10160,118794
97502,16,CA,50424,
30601,40,USA,1113,937659
60728,24,USA,216,231369
56033,33,USA,72,237484
162691,27,CA,40090,
180789,46,MX,70136,
27969,46,USA,10458,763895
60740,29,USA,277,62622
16950,50,USA,817,1765107
19783,39,USA,983,15480364
98042,19,CA,50666,
36170,22,USA,1048,325505
180791,46,MX,70064,
68545,48,USA,233,2561668
56852,33,USA,39,3666851
35575,34,USA,1350,1917772
180792,21,MX,70050,
97507,16,CA,50482,
33337,51,USA,595,2159106
179428,48,CA,40318,
162692,29,CA,40090,
166511,27,USA,103,199610
180423,47,CA,40179,
180795,15,MX,70030,
53324,22,USA,92,110746
28010,35,USA,136,3415103
180058,40,CA,40576,
97498,16,CA,50193,
60795,30,USA,10250,510571
11644,31,USA,10034,488396
179435,39,CA,40203,
183684,28,MX,70002,
180801,35,MX,70109,
183695,29,MX,70002,
52628,23,USA,852,1491634
1005,17,USA,826,1067012
60825,16,USA,1016,1326592
60827,20,USA,1271,1287879
60829,46,USA,1166,551120
60830,41,USA,919,1453152
179441,41,CA,40332,
98318,35,CA,50476,
180807,44,MX,70012,
28077,44,USA,10437,185922
28078,31,USA,10421,86845
51101,25,USA,759,402001
180153,38,CA,40416,
11699,27,USA,10431,177537
586,25,USA,10237,1001637
32851,33,USA,1225,349019
587,17,USA,10200,631319
180138,33,CA,40449,
180813,24,MX,70062,
55203,18,USA,10338,521561
28119,41,USA,1014,1352871
69080,25,USA,952,3310904
180018,51,CA,40399,
179336,39,CA,40204,
591,48,USA,1015,1374189
36317,25,USA,10290,45216
36318,27,USA,10290,45209
179790,38,CA,40702,
180155,51,CA,40417,
39285,40,USA,10001,81729
69114,17,USA,860,1338500
28155,43,USA,1230,328915
179610,43,CA,40721,
97536,34,CA,50774,
60931,18,USA,1024,1107782
69124,44,USA,945,2685388
183823,14,CA,50782,
180429,18,CA,40072,
179338,46,CA,40204,
57945,23,USA,655,4858259
69149,23,USA,960,1702270
70651,31,USA,1324,912533
28199,19,USA,10154,1621058
180157,28,CA,40472,
36395,22,USA,136,3311310
53586,19,USA,16,1054323
20015,20,USA,1,83835
28212,18,USA,10035,18879
607,24,USA,1005,845300
179466,41,CA,40346,
20030,41,USA,10196,272765
179467,42,CA,40346,
178807,31,CA,40297,
3658,36,USA,1152,697352
3659,28,USA,761,848541
3661,28,USA,693,766212
61007,44,USA,1189,835496
61008,45,USA,1036,591806
61009,15,USA,1026,1612302
61012,28,USA,1103,1022538
61013,32,USA,1027,1076691
179471,22,CA,40345,
61026,31,USA,10223,827976
97553,17,CA,50644,
162701,16,CA,40283,
38585,23,USA,10321,42179
98198,32,CA,50441,
53863,35,USA,1405,2044905
61039,17,USA,10195,222283
179341,23,CA,40209,
179475,40,CA,40345,
28280,48,USA,10447,428954
179787,23,CA,40703,
11906,15,USA,1271,1341955
11907,25,USA,919,1665850
11908,19,USA,1115,920130
11909,32,USA,1291,1327930
11911,26,USA,755,704246
61064,17,USA,130,60953
11913,29,USA,137,3426075
77452,17,USA,1128,30831
61072,34,USA,220,417414
10179,22,USA,820,1352044
52887,28,USA,10185,5224172
69273,28,USA,321,5274297
52891,23,USA,10168,1626229
61084,27,USA,1369,4992027
179483,25,CA,40333,
28324,42,USA,1310,4840967
77480,29,USA,904,1488891
179484,27,CA,40337,
77483,41,USA,1383,837615
69292,20,USA,965,1359708
125,21,USA,480,2270394
69300,25,USA,936,1834349
36533,51,USA,320,1812438
83913,51,USA,1143,668570
3359,15,USA,1175,1287340
8309,32,USA,10060,201119
180162,24,CA,40466,
179489,40,CA,40338,
77512,24,USA,475,1801303
77515,40,USA,186,22911
69328,48,USA,192,169331
179811,51,CA,40766,
69332,29,USA,1038,886183
179890,47,CA,40593,
52953,48,USA,658,4432318
69338,34,USA,1342,4017806
180163,29,CA,40467,
180436,19,CA,40303,
66413,19,USA,675,829407
11559,38,USA,10441,599641
180006,20,CA,40351,
69360,32,USA,862,2287276
10195,29,USA,820,1351589
61173,26,USA,1296,1801446
68905,34,USA,10297,42053
36607,46,USA,475,1790660
12033,46,USA,1039,978538
179499,51,CA,40488,
53004,18,USA,10345,754166
179788,32,CA,40702,
189059,23,CA,40387,
69396,42,USA,475,1791980
69397,36,USA,865,870689
162707,24,CA,40294,
10202,39,USA,1195,850429
61214,40,USA,1247,700548
61216,40,USA,634,766156
61217,16,USA,780,337188
10203,19,USA,1374,4904783
179347,18,CA,40327,
69416,31,USA,1033,1017328
28462,32,USA,508,2269638
71645,47,USA,926,344707
28468,36,USA,840,1844781
47070,25,USA,10211,7409
66185,38,USA,513,2415678
180166,22,CA,40555,
28476,49,USA,697,1818896
20287,24,USA,528,773281
28480,35,USA,541,8996055
179926,21,CA,40495,
8843,19,USA,10363,69190
69444,19,USA,964,907655
69446,35,USA,1187,725862
53065,43,USA,268,699273
180167,30,CA,40556,
179514,49,CA,40489,
28510,20,USA,223,482212
67781,24,USA,307,1533200
131,49,USA,1327,2584995
69479,22,USA,846,496346
83943,25,USA,1265,1174857
77676,31,USA,10227,86
77677,36,USA,10229,326985
36718,25,USA,10283,550740
12144,21,USA,968,1343704
162710,38,CA,40093,
71657,34,USA,707,1076764
53114,45,USA,324,5566631
53115,33,USA,454,4371379
53116,42,USA,1294,1329678
18410,45,USA,1417,2360853
180223,45,CA,40446,
98061,28,CA,50561,
3978,22,USA,465,4717367
12171,33,USA,1330,2680395
10221,49,USA,229,1446375
77719,43,USA,1066,345167
69531,44,USA,1310,4833329
69532,15,USA,718,7263005
267,20,USA,10122,985354
179624,51,CA,40671,
69544,26,USA,505,395311
97607,18,CA,50782,
180170,31,CA,40640,
180171,35,CA,40639,
179680,39,CA,40697,
49235,47,USA,10302,883743
69571,25,USA,34,3647762
180062,32,CA,40410,
179532,48,CA,40644,
20426,36,USA,608,709691
69582,36,USA,475,1791312
179533,50,CA,40566,
179535,49,CA,40484,
77789,28,USA,140,94315
49236,49,USA,10302,880074
179364,24,CA,40118,
36839,27,USA,10065,514613
36841,50,USA,10067,228138
4077,31,USA,1399,2441602
36846,31,USA,1385,757827
69618,48,USA,1304,1940723
36851,15,USA,10042,1178474
179962,36,CA,40498,
12279,21,USA,406,8996700
20476,40,USA,577,2648401
8156,48,USA,1398,2411193
83969,32,USA,1105,362346
4108,32,USA,1344,4406216
4110,30,USA,1397,2559741
189101,18,CA,40427,
66222,27,USA,900,1458889
179545,25,CA,40575,
179628,29,CA,40723,
74416,22,USA,808,1657878
178810,38,CA,40281,
180078,33,CA,40369,
74417,23,USA,176,1159508
162716,35,CA,40281,
51207,33,USA,10306,294014
82611,26,USA,94,104661
4148,33,USA,875,997680
4149,29,USA,1317,1765520
4152,36,USA,1276,887453
74420,36,USA,317,3531844
69692,49,USA,1354,956535
61504,45,USA,1365,1375215
53313,40,USA,25,70369
53315,20,USA,96,18300
48481,22,USA,652,7517592
53320,15,USA,64,113862
16940,41,USA,1249,455266
179681,29,CA,40503,
52579,24,USA,664,1895038
49240,27,USA,10266,109635
179556,50,CA,40562,
180063,35,CA,40409,
4190,21,USA,1095,4171920
82619,34,USA,394,594573
180176,15,CA,40530,
69733,40,USA,815,1448767
69735,19,USA,10244,649376
12395,16,USA,71,243845
20588,39,USA,10030,122881
20590,15,USA,864,1761348
61551,19,USA,200,99693
33471,28,USA,1251,1281338
36989,39,USA,538,5030936
180144,31,CA,40468,
180177,31,CA,40530,
179563,22,CA,40651,
61573,17,USA,1393,947890
179564,34,CA,40651,
12427,26,USA,76,382779
37005,44,USA,1001,1061581
20624,39,USA,943,2885184
179566,21,CA,40569,
96979,14,CA,50477,
179905,48,CA,40705,
179567,18,CA,40493,
67792,48,USA,243,1946144
98195,32,CA,50721,
26602,34,USA,1403,1528296
415,14,USA,250,1411814
12472,49,USA,1174,656567
34847,48,USA,32,3605234
86204,31,USA,142,498878
12477,35,USA,1080,667760
180179,14,CA,40430,
86208,27,USA,59,89283
715,22,USA,1011,571734
179574,21,CA,40652,
4301,19,USA,691,308857
717,39,USA,1086,1464692
12497,32,USA,1374,4895485
12498,38,USA,406,9384320
12499,32,USA,541,9427197
78036,38,USA,10344,787730
97657,19,CA,50756,
53465,17,USA,1331,3207570
179578,39,CA,40494,
4326,15,USA,681,734057
721,41,USA,1266,1013772
4328,48,USA,976,15341301
12522,44,USA,1210,799397
12523,24,USA,1359,959065
12524,23,USA,1124,324147
12525,34,USA,1148,1013232
37102,20,USA,612,2531528
37103,23,USA,1390,77552
37104,40,USA,236,2962402
37105,21,USA,1388,118111
37106,21,USA,1312,1617220
86263,18,USA,1203,280414
180181,43,CA,40431,
4352,36,USA,10457,30885
4353,32,USA,10391,122787
4354,47,USA,1282,157607
61702,15,USA,10429,760667
53517,48,USA,1260,1103257
4366,25,USA,10453,2952686
179909,20,CA,40129,
28954,32,USA,1399,2252261
53539,27,USA,1058,61825
74070,34,USA,948,2917632
53541,42,USA,1125,254479
146,45,USA,614,2348950
53544,16,USA,1063,285791
53545,35,USA,10348,15972
179591,30,CA,40711,
179592,33,CA,40713,
178808,32,CA,40297,
69940,18,USA,191,239973
35881,41,USA,1301,1875179
37174,22,USA,1185,792155
69943,24,USA,262,795643
37176,17,USA,1030,1423452
26676,14,USA,1406,3559152
37179,35,USA,1173,644918
179595,16,CA,40661,
147,31,USA,456,4530742
29000,47,USA,1409,954354
179596,15,CA,40709,
53579,14,USA,10134,2222707
41883,20,USA,10296,181576
179911,26,CA,40601,
73101,15,USA,1326,316060
53585,32,USA,10334,2693360
20818,29,USA,545,15918161
180184,51,CA,40430,
32142,33,USA,10463,391619
41065,27,USA,1287,960523
61251,24,USA,1349,2913742
179599,39,CA,40709,
97443,15,CA,50416,
180283,20,CA,40216,
8322,31,USA,152,462630
69994,33,USA,10389,997340
180175,46,CA,40214,
71072,16,USA,10015,89330
37238,50,USA,10171,507766
60820,33,USA,838,1963721
37247,50,USA,10198,211780
70021,34,USA,1258,1705584
20871,26,USA,659,4588894
66285,29,USA,425,2201951
180186,16,CA,40424,
179608,38,CA,40720,
70034,24,USA,685,2905843
168339,27,USA,10085,54204
179609,39,CA,40720,
29085,35,USA,392,933401
29086,18,USA,225,553587
16517,38,USA,959,3311246
29096,28,USA,295,342592
29100,25,USA,296,296465
179096,29,CA,40270,
29108,33,USA,393,816400
29114,35,USA,299,883729
179615,40,CA,40717,
98080,29,CA,50375,
29121,36,USA,218,287388
180188,36,CA,40424,
179618,46,CA,40663,
70097,28,USA,10268,1050773
53716,50,USA,332,567145
10318,46,USA,10045,641950
70105,48,USA,10215,454536
179621,34,CA,40673,
86496,46,USA,143,232289
53734,25,USA,345,1275930
70119,45,USA,407,9480676
4585,35,USA,10319,117212
78314,31,USA,833,560936
41070,29,USA,10100,731135
177938,22,MX,80107,
4593,32,USA,597,343804
78322,20,USA,830,1324612
60165,41,USA,10456,3121602
12793,50,USA,948,2144885
70138,26,USA,620,3391392
178811,44,CA,40281,
70149,45,USA,937,2086036
86534,49,USA,1070,213123
180083,49,CA,40371,
61961,44,USA,60,314766
179099,44,CA,40273,
70158,50,USA,10140,109291
179629,44,CA,40723,
4624,50,USA,31,3672042
70161,46,USA,10151,1431422
13060,45,USA,10236,1556018
32176,35,USA,10446,432638
180191,18,CA,40529,
187825,49,CA,40547,
70184,50,USA,10108,1636922
29234,47,USA,971,15047848
12855,23,USA,1329,2991797
62009,44,USA,603,1098559
53819,19,USA,1346,4415282
53820,15,USA,400,573823
181003,45,CA,40616,
37444,42,USA,10011,54214
180192,21,CA,40527,
180465,25,CA,40177,
4685,49,USA,635,555589
181005,51,CA,40593,
4688,49,USA,714,547602
4689,41,USA,305,1032023
53843,18,USA,594,2272921
4693,36,USA,440,2042125
53847,45,USA,1310,4842979
29455,39,USA,10146,1988154
41221,22,USA,247,1575245
12895,24,USA,1306,4851694
12896,33,USA,1246,749761
53859,43,USA,1408,3324916
49803,17,USA,409,6919817
41074,35,USA,10099,2122207
181009,32,CA,40089,
71353,40,USA,929,898094
70251,36,USA,800,1091755
29292,51,USA,10113,301302
180096,44,CA,40437,
179645,19,CA,40747,
12913,34,USA,1355,917902
98086,29,CA,50775,
179646,33,CA,40746,
73263,34,USA,356,1447415
179647,40,CA,40746,
179648,43,CA,40746,
12930,34,USA,872,417405
37511,27,USA,728,6363320
53903,20,USA,386,1220493
53905,36,USA,940,2156609
179651,50,CA,40745,
53908,19,USA,1121,85070
24436,23,USA,1306,4802106
21149,40,USA,10388,492979
21150,31,USA,10362,312287
179653,14,CA,40002,
53921,31,USA,861,2767267
21156,47,USA,302,695156
70309,32,USA,805,1561561
21158,46,USA,632,2619171
97736,21,CA,50318,
53939,26,USA,694,1693546
179576,14,CA,40653,
97737,21,CA,50356,
62136,41,USA,257,250613
62137,23,USA,185,163468
180196,27,CA,40374,
179661,16,CA,40391,
69447,50,USA,10364,331290
179662,23,CA,40392,
180197,29,CA,40374,
62182,39,USA,686,2731559
36912,23,USA,704,1125971
98090,29,CA,50500,
179925,20,CA,40495,
180198,31,CA,40373,
98200,32,CA,50572,
54011,49,USA,403,960455
74174,18,USA,236,2810932
21245,36,USA,1032,987584
62207,48,USA,1171,489273
13058,28,USA,982,14455421
21251,33,USA,495,149825
21252,24,USA,346,1369686
21253,47,USA,182,382478
21254,35,USA,146,82940
21258,33,USA,1081,1440857
21259,35,USA,108,94466
70413,33,USA,10415,189075
70414,43,USA,10397,964362
70415,36,USA,10427,935616
70416,47,USA,10155,1567823
64984,48,USA,1306,4838449
70419,18,USA,10413,1007845
70420,50,USA,10355,347427
70421,23,USA,10070,2753747
70425,44,USA,10258,973953
70427,46,USA,10365,336241
70428,46,USA,10111,175688
70429,23,USA,10323,290884
70430,43,USA,10393,266145
179675,20,CA,40596,
16530,15,USA,245,1282670
49264,44,USA,35,3668951
179927,25,CA,40495,
97274,19,CA,50403,
25395,45,USA,147,215050
37689,42,USA,10186,2000021
8620,30,USA,734,1458515
1255,34,USA,281,100149
36717,45,USA,10285,2740367
4939,15,USA,731,1032116
179682,50,CA,40503,
70482,17,USA,1146,1004410
7651,44,USA,841,1913422
62293,15,USA,1131,222392
57449,49,USA,10081,331644
179684,30,CA,40700,
70491,23,USA,438,4236486
70492,41,USA,1306,4828055
70493,42,USA,452,5672269
179685,31,CA,40706,
47902,22,USA,1374,4922299
37732,16,USA,1077,600448
29547,50,USA,10453,4022970
180129,23,CA,40422,
71089,34,USA,10274,868042
29557,50,USA,834,648525
29560,27,USA,912,683879
4991,23,USA,10175,339875
179657,35,CA,40213,
179691,18,CA,40460,
70536,15,USA,600,514128
70537,21,USA,496,225213
13200,34,USA,10408,3308373
162745,48,CA,40170,
5010,23,USA,10059,200623
5011,47,USA,10058,68387
13206,41,USA,1019,4687044
306,29,USA,1130,226245
179385,36,CA,40197,
74091,34,USA,716,7155156
180014,16,CA,40399,
54176,38,USA,338,2008509
179931,44,CA,40497,
37806,40,USA,793,709632
37808,49,USA,855,1247599
37809,51,USA,848,1317151
70578,23,USA,570,83305
62388,31,USA,1361,1162146
21432,17,USA,695,1351182
179700,44,CA,40695,
47905,29,USA,407,9539125
179659,48,CA,40602,
97781,22,CA,50170,
180205,19,CA,40621,
16455,47,USA,723,626117
179705,29,CA,40618,
62424,45,USA,47,555274
62427,22,USA,280,136695
62430,17,USA,207,262893
180206,21,CA,40621,
62442,21,USA,202,552659
162748,41,CA,40084,
179709,18,CA,40523,
74094,38,USA,318,1450102
70649,35,USA,1363,1394918
168955,22,MX,70004,
62468,19,USA,70,720078
62469,27,USA,38,3263187
97373,14,CA,50278,
97793,22,CA,50340,
54280,15,USA,1315,1788142
29706,34,USA,317,2126375
29712,34,USA,1292,1306095
29715,38,USA,1352,2238083
29719,44,USA,1293,1330237
24257,47,USA,10325,778198
21533,14,USA,730,8477371
179935,47,CA,40604,
179717,43,CA,40352,
21536,34,USA,1191,848769
180208,29,CA,40620,
70699,30,USA,1101,1266798
78908,30,USA,343,369531
78910,31,USA,282,209151
169027,46,USA,17,133683
169028,21,USA,54,85617
162751,44,CA,40096,
169030,16,USA,124,138109
57457,17,USA,10205,794886
78921,24,USA,46,521467
162788,23,CA,40136,
179725,48,CA,40770,
37971,34,USA,1040,587387
43193,36,USA,1008,945270
185432,45,MX,70139,
179727,15,CA,40389,
180210,36,CA,40621,
166571,35,CA,40681,
179729,48,CA,40388,
98132,30,CA,50650,
43197,16,USA,1262,1181955
180222,38,CA,40446,
48660,19,USA,166,42828
5243,18,USA,123,152350
180211,49,CA,40624,
162753,29,CA,40167,
179851,30,CA,40361,
73238,41,USA,370,6904363
25452,29,USA,726,7085738
179735,50,CA,40724,
54414,17,USA,10157,1561490
25453,26,USA,539,10262332
13456,18,USA,1377,4901745
21649,43,USA,118,2493491
185492,36,MX,70112,
25454,25,USA,517,3598434
185495,29,MX,70036,
21656,38,USA,31,3604943
185497,31,MX,70139,
185498,23,MX,70139,
179738,23,CA,40462,
25456,30,USA,367,7409701
179739,29,CA,40462,
179740,36,CA,40461,
54443,51,USA,1416,2732096
179741,21,CA,40594,
54452,43,USA,951,2336751
29885,50,USA,10242,368035
66190,43,USA,702,685512
70852,17,USA,604,1048072
5319,47,USA,10352,1421925
180016,27,CA,40457,
179746,50,CA,40678,
180064,50,CA,40409,
70865,50,USA,10445,967108
179747,31,CA,40614,
97828,23,CA,50326,
162756,25,CA,40292,
21726,51,USA,921,1454941
179749,48,CA,40614,
166096,51,MX,70110,
21737,16,USA,241,1601543
179669,16,CA,40688,
81447,16,USA,120,46471
5360,30,USA,1086,1696522
70900,27,USA,10187,1220232
180215,23,CA,40526,
54948,18,USA,10442,2757415
180180,24,CA,40430,
180195,19,CA,40373,
9999,24,USA,719,6430680
179755,42,CA,40358,
70917,31,USA,1144,824800
180030,26,CA,40751,
60464,31,USA,10399,1476152
21729,50,USA,1312,1670821
13594,49,USA,453,5568290
77451,49,USA,293,560894
179760,45,CA,40588,
13602,45,USA,456,4361680
179671,42,CA,40688,
21801,32,USA,1284,517003
65074,14,USA,863,2128376
180217,33,CA,40525,
73905,24,USA,417,1053611
179765,15,CA,40362,
9099,36,USA,10001,81729
179672,46,CA,40687,
38214,51,USA,900,1429355
16363,22,USA,605,933115
179767,18,CA,40362,
179768,19,CA,40362,
179127,17,CA,40153,
97838,23,CA,50487,
70287,44,USA,1418,42918
5471,34,USA,402,635234
179673,50,CA,40688,
33261,16,USA,1250,851054
62354,40,USA,1353,788351
71023,38,USA,77,290102
178926,46,CA,40291,
3646,23,USA,509,1838367
97839,23,CA,50480,
30462,50,USA,10001,81590
179778,16,CA,40347,
64833,24,USA,10080,3478586
97840,23,CA,50610,
179780,36,CA,40349,
79258,21,USA,748,41882
179658,31,CA,40602,
71069,16,USA,10012,1899533
71070,41,USA,10017,303846
71071,15,USA,10022,125251
71074,20,USA,10012,2019176
58267,36,USA,1003,1037998
179782,39,CA,40349,
71078,38,USA,10012,1969193
71079,35,USA,10012,1975759
71082,26,USA,852,1472257
179783,44,CA,40350,
71085,15,USA,1360,1620916
30129,38,USA,10454,2545602
41375,28,USA,10419,288382
38336,21,USA,548,13657074
61003,33,USA,1102,603388
71111,40,USA,10091,1082033
54728,32,USA,1180,768475
3660,40,USA,1065,354161
71121,17,USA,10236,1610218
71125,36,USA,10202,34049
71127,31,USA,866,1917995
179745,36,CA,40740,
71130,35,USA,10235,649318
66469,18,USA,910,779813
13792,45,USA,52,90063
179950,25,CA,40506,
51429,34,USA,726,6346185
38375,29,USA,482,2848443
30187,19,USA,10030,129442
6823,44,USA,475,1794079
61011,43,USA,1025,1450525
13813,18,USA,3,83621
162047,47,MX,70012,
84224,20,USA,745,54936
180224,27,CA,40445,
180142,23,CA,40375,
74112,44,USA,1345,3943439
81750,48,USA,850,1173156
179679,33,CA,40696,
999001,14,USA,20002,
179802,14,CA,40762,
38430,41,USA,981,15292309
180041,14,CA,40581,
38437,47,USA,10183,2661861
179804,19,CA,40761,
136749,34,USA,1160,966168
136750,47,USA,1031,823432
180771,24,MX,70077,
71218,21,USA,724,674033
71221,50,USA,1089,1714179
999007,16,USA,20011,
180032,35,CA,40758,
38464,28,USA,10179,996371
999008,15,USA,20001,
71236,24,USA,1290,1317105
179135,23,CA,40280,
63046,36,USA,139,180176
179809,48,CA,40761,
30283,25,USA,10323,286828
22093,50,USA,1362,1457321
81507,21,USA,1145,975543
7780,39,USA,337,2306796
57431,36,USA,827,916406
22108,40,USA,416,905518
33722,15,USA,896,357266
30303,26,USA,333,1613167
180227,14,CA,40450,
38497,40,USA,10356,426892
13924,50,USA,524,2733341
73318,50,USA,448,2467028
22121,17,USA,93,106800
179409,16,CA,40128,
179815,26,CA,40357,
13933,50,USA,355,1021946
71278,25,USA,235,2905799
22127,14,USA,24,69320
71280,41,USA,711,1227353
22129,21,USA,62,309018
13938,24,USA,1312,1729803
179817,36,CA,40356,
97886,24,CA,50650,
71293,26,USA,1330,3008255
180228,40,CA,40450,
71297,47,USA,1191,869104
57476,14,USA,189,638443
179819,44,CA,40397,
180501,35,CA,40175,
18741,41,USA,10281,437129
46728,22,USA,189,632134
179820,19,CA,40519,
51479,19,USA,1335,192587
179683,34,CA,40732,
22161,35,USA,983,15245239
179822,30,CA,40520,
10521,38,USA,10428,1296821
54938,49,USA,1274,509414
180229,41,CA,40450,
71325,18,USA,1082,1571534
71326,40,USA,1155,886558
71329,18,USA,799,1376587
180502,41,CA,40174,
46755,38,USA,187,398334
13989,47,USA,694,1687090
13991,46,USA,773,782545
5800,50,USA,322,5233296
13995,39,USA,1261,1030866
179826,48,CA,40598,
84253,41,USA,1155,885440
14000,49,USA,976,15317521
63153,34,USA,541,10263007
63154,31,USA,1374,4920695
54963,28,USA,955,2994219
63158,23,USA,483,2325406
22201,32,USA,1139,5462087
180230,44,CA,40450,
38587,20,USA,1243,420814
63164,17,USA,678,600745
63165,19,USA,966,415385
63166,30,USA,377,366125
22207,36,USA,715,7142242
51488,28,USA,816,1433249
22211,31,USA,407,9562942
22215,28,USA,474,1795333
63177,14,USA,287,76202
63182,29,USA,379,67032
179832,27,CA,40683,
14042,18,USA,568,127708
999397,19,USA,30043,
179140,15,CA,40081,
30429,15,USA,10076,1078799
14050,20,USA,456,4303242
22245,48,USA,1289,181533
97917,25,CA,50756,
5875,28,USA,499,1016402
179838,42,CA,40768,
180232,22,CA,40548,
55031,35,USA,1066,377899
162774,21,CA,40077,
55033,32,USA,10315,256386
179141,38,CA,40081,
30461,48,USA,10001,81591
71422,24,USA,10039,1735855
71425,23,USA,10095,5242985
71427,46,USA,233,2884972
71428,27,USA,407,9506879
35385,19,USA,951,4376614
55049,45,USA,890,923977
55055,46,USA,10315,307955
5906,36,USA,10010,59163
177940,19,MX,80035,
5909,21,USA,10014,95961
5914,31,USA,10009,62378
179845,22,CA,40515,
180020,50,CA,40769,
11910,22,USA,829,1247695
55083,51,USA,974,15490395
11912,17,USA,583,202221
162776,31,CA,40134,
179849,50,CA,40514,
180507,23,CA,40107,
179850,29,CA,40361,
67893,49,USA,437,4088067
40902,39,USA,1029,1245152
55106,20,USA,10439,2167667
55107,32,USA,10098,2760426
55108,40,USA,10335,3753033
65666,34,USA,626,2991644
61068,26,USA,165,122093
179853,21,CA,40684,
24749,22,USA,991,190019
71508,36,USA,341,427515
33764,18,USA,1198,850749
5982,42,USA,859,526485
58341,19,USA,1410,1700250
63329,24,USA,1020,845161
65667,29,USA,930,993705
7623,27,USA,541,7446455
180236,19,CA,40456,
51517,29,USA,1138,5559980
30576,50,USA,717,7240637
30577,29,USA,366,7976238
30580,31,USA,10222,205553
51518,32,USA,1298,1823685
180148,43,CA,40536,
46979,35,USA,626,3180900
71558,15,USA,221,407464
71561,34,USA,598,187174
98241,33,CA,50620,
69271,49,USA,263,598299
162779,45,CA,40257,
52888,33,USA,10203,614276
36920,24,USA,1388,133253
71580,33,USA,1364,1550936
179866,22,CA,40610,
6048,24,USA,549,18471801
71586,39,USA,726,6860364
67910,45,USA,1138,5353227
38590,26,USA,1215,407290
14934,51,USA,10422,93057
179869,27,CA,40610,
179870,33,CA,40606,
98131,30,CA,50626,
179871,42,CA,40610,
179872,43,CA,40610,
179873,50,CA,40610,
6093,38,USA,1280,308207
6096,20,USA,229,1367801
97955,26,CA,50544,
22485,43,USA,10275,444439
97605,18,CA,50686,
6104,40,USA,316,1638891
97956,26,CA,50424,
50170,33,USA,906,1456371
14302,43,USA,10208,1329153
14312,40,USA,10049,545017
999406,19,USA,30241,
6124,30,USA,1109,3035759
14322,46,USA,10138,12774702
14326,15,USA,10043,1005374
180076,31,CA,40368,
71676,33,USA,638,2364883
52907,31,USA,1214,358731
179585,49,CA,40708,
55305,25,USA,542,6964396
98268,34,CA,50211,
179885,16,CA,40593,
178974,47,CA,40036,
55315,17,USA,10176,51973
179969,30,CA,40395,
49579,28,USA,99,173729
180242,15,CA,40544,
73910,48,USA,520,3281690
50182,40,USA,901,1453650
57292,32,USA,1014,1321595
11117,38,USA,843,1552524
65128,14,USA,928,1090295
18819,31,USA,1314,1516931
98133,30,CA,50461,
73310,23,USA,841,1710595
55350,30,USA,645,3707349
179970,39,CA,40395,
22589,25,USA,1248,667991
22591,49,USA,463,5496524
180243,20,CA,40542,
180131,42,CA,40421,
63557,48,USA,10445,719608
61111,36,USA,653,729630
55372,19,USA,97,320478
55375,26,USA,215,100307
179956,46,CA,40505,
55379,47,USA,219,588538
57219,15,USA,576,3064209
179898,18,CA,40692,
180244,25,CA,40545,
33691,43,USA,1237,1891389
179847,38,CA,40517,
179899,24,CA,40693,
65130,17,USA,705,1238645
97980,17,CA,50200,
30826,23,USA,942,3609696
208,49,USA,10126,146722
179901,34,CA,40691,
22644,41,USA,727,6641497
179902,35,CA,40690,
179730,14,CA,40597,
179903,42,CA,40693,
999411,19,USA,30261,
180199,21,CA,40552,
999105,20,USA,30153,
73042,21,USA,180,975966
999106,20,USA,30143,
42008,33,USA,1127,46812
179980,14,CA,40401,
179973,51,CA,40395,
18798,42,USA,177,1046031
17433,39,USA,1136,5489796
179908,20,MX,80023,
51567,35,USA,715,7129795
55454,27,USA,1333,3264314
48837,34,USA,10401,1369729
33819,14,USA,10247,1332078
179910,49,CA,40129,
23942,33,USA,1017,2844346
51569,19,USA,1310,4855113
179701,48,CA,40682,
51570,14,USA,322,5118372
179912,27,CA,40755,
71861,18,USA,779,365434
179913,34,CA,40753,
39284,46,USA,10001,81591
162789,44,CA,40136,
179914,46,CA,40753,
71871,44,USA,311,2003582
179915,17,CA,40753,
70689,27,USA,1093,4809125
41674,42,USA,411,1768366
30932,45,USA,10289,30572
6359,38,USA,475,1802828
185431,25,MX,70129,
55516,23,USA,1120,726929
162016,25,USA,27,39115
71905,32,USA,249,1549192
39142,30,USA,10316,245671
55528,35,USA,889,931139
65680,34,USA,234,2758095
179922,15,CA,40496,
179923,16,CA,40496,
71928,43,USA,249,1392830
179924,19,CA,40497,
7893,38,USA,174,931723
74137,36,USA,631,2353710
65681,51,USA,525,2920908
73319,38,USA,402,1069932
71948,27,USA,10144,114198
179928,26,CA,40496,
55683,14,USA,20,34682
180187,20,CA,40424,
179929,32,CA,40496,
63768,40,USA,818,1347562
97589,42,CA,50620,
179432,30,CA,40331,
22819,25,USA,1091,4708851
24515,27,USA,10169,724969
23128,21,USA,786,1033774
47401,40,USA,867,2003759
28311,46,USA,500,655106
35131,26,USA,1124,345935
999135,19,USA,30060,
6463,31,USA,370,7096548
162115,19,USA,581,43138
39241,28,USA,10417,322803
6476,40,USA,466,1105462
179938,46,CA,40730,
14674,19,USA,85,61873
14675,23,USA,49,154376
14678,14,USA,10432,299845
179940,15,CA,40512,
14682,35,USA,364,3951843
55643,22,USA,1141,931601
55644,18,USA,1212,812734
4035,17,USA,10342,1442764
179941,29,CA,40513,
65684,20,USA,367,7352034
11118,24,USA,514,1941210
39270,31,USA,418,1079186
40861,21,USA,689,1776963
72041,45,USA,772,730175
39281,38,USA,10001,81729
39282,42,USA,10001,81729
39283,44,USA,10001,81729
72052,30,USA,248,2524548
63865,44,USA,986,1701343
63867,51,USA,1228,318624
72060,42,USA,929,1039732
72062,20,USA,439,3296254
72064,51,USA,949,4017750
55684,19,USA,89,30947
179948,19,CA,40506,
72076,39,USA,1333,3225880
72078,30,USA,10092,162220
72079,24,USA,10093,1872916
33770,35,USA,1135,5419532
78915,19,USA,395,1049937
51501,29,USA,10244,577950
6554,50,USA,1268,1329180
179951,35,CA,40504,
63901,47,USA,10423,221687
65686,29,USA,590,2283711
72096,22,USA,360,2298950
179952,39,CA,40506,
72098,43,USA,367,7150792
72099,19,USA,367,7348287
6568,27,USA,426,1354570
179954,43,CA,40505,
47535,28,USA,550,19403488
81508,51,USA,962,620915
72115,19,USA,407,9556156
67869,39,USA,623,3204218
72119,26,USA,1315,1910586
72120,19,USA,1091,4824302
179710,27,CA,40522,
72123,44,USA,326,5526428
180145,30,CA,40606,
179957,47,CA,40508,
179983,27,CA,40402,
178628,20,MX,70019,
179958,50,CA,40509,
180035,45,CA,40680,
180256,22,CA,40425,
50781,14,USA,630,2455131
999422,19,USA,30010,
178635,51,MX,70145,
178637,33,MX,80002,
81509,39,USA,395,910861
72145,42,USA,368,7010823
55762,28,USA,1295,56391
166331,48,USA,669,1959227
179961,51,CA,40465,
24314,31,USA,1162,249953
25358,15,USA,10008,328824
180257,27,CA,40428,
23394,38,USA,1309,4862759
68007,42,USA,617,2276303
7933,40,USA,648,7840356
179261,14,CA,40031,
178674,49,MX,80014,
25683,38,USA,266,1126200
186868,51,MX,70135,
186871,46,MX,70149,
186873,43,MX,70160,
178684,25,MX,70111,
11951,30,USA,1002,1045967
186878,41,MX,70021,
25685,51,USA,300,946646
186880,48,MX,70015,
179968,14,CA,40395,
186882,36,MX,70085,
186883,45,MX,70114,
186885,51,MX,70033,
186886,25,MX,70124,
71217,21,USA,630,2567971
178697,34,CA,40083,
25045,26,USA,643,1953454
178700,31,CA,40276,
6669,50,USA,1242,3085121
72207,23,USA,10037,240470
6673,20,USA,1208,685775
178706,29,CA,40166,
178708,47,CA,40166,
179043,26,CA,40258,
179972,49,CA,40394,
179986,44,CA,40401,
81669,48,USA,1273,754352
64033,20,USA,1091,4792576
14885,36,USA,10252,1047169
96814,21,CA,50572,
64048,41,USA,10412,1195880
98056,28,CA,50751,
47670,22,USA,127,151558
24813,17,USA,797,1248961
178749,20,CA,40277,
178750,22,CA,40279,
178751,32,CA,40278,
178752,40,CA,40277,
178753,47,CA,40278,
178754,51,CA,40278,
178756,32,CA,50131,
36504,25,USA,839,2052715
178763,19,CA,40090,
178766,25,CA,40087,
32958,26,USA,275,212801
178768,29,CA,40089,
178770,38,CA,40086,
178771,41,CA,40085,
178773,44,CA,40088,
72278,38,USA,10136,3667150
178775,50,CA,40090,
178776,51,CA,40087,
47705,40,USA,10199,321297
178778,22,CA,40283,
47707,45,USA,116,2438944
178780,36,CA,40164,
178781,30,CA,40058,
178782,41,CA,40059,
34868,20,USA,41,681750
97608,18,CA,50709,
55907,21,USA,157,153260
96868,45,CA,50473,
23142,49,USA,652,2298787
96871,45,CA,50341,
24508,43,USA,555,558063
178795,14,CA,40294,
72300,21,USA,938,2037913
178797,24,CA,40294,
178799,17,CA,40092,
178800,18,CA,40092,
178801,32,CA,40093,
178802,33,CA,40093,
178803,38,CA,40093,
178805,15,CA,40296,
31351,30,USA,10278,245456
31352,35,USA,10276,286120
72313,21,USA,532,2530927
31354,42,USA,10241,226029
178812,24,CA,40094,
178813,47,CA,40094,
178814,35,CA,40162,
178815,42,CA,40053,
96898,46,CA,50682,
31368,19,USA,10253,1112373
39561,49,USA,768,612213
23179,36,USA,10145,14615
72335,44,USA,722,502552
72342,22,USA,235,2402535
179993,19,CA,40735,
179995,21,CA,40738,
72358,45,USA,756,740768
72359,22,USA,673,173104
97523,30,CA,50650,
179997,30,CA,40738,
6837,32,USA,10178,1205700
6838,15,USA,10178,1227716
6601,42,USA,1346,3806565
179999,41,CA,40735,
73879,17,USA,540,9695627
97884,24,CA,50626,
180000,44,CA,40738,
178889,44,CA,50126,
178891,40,CA,50561,
31437,18,USA,200,93846
187086,32,MX,70005,
6864,22,USA,1067,375773
6866,19,USA,497,673273
180265,46,CA,40447,
6870,19,USA,230,1405398
56029,18,USA,78,359370
180002,51,CA,40735,
56032,32,USA,80,136587
56034,34,USA,740,1424908
6885,36,USA,402,1069062
39656,45,USA,270,698701
178921,23,CA,40287,
178922,28,CA,40290,
178924,33,CA,40286,
23277,38,USA,390,1199286
178927,50,CA,40290,
39664,44,USA,267,1412227
97009,40,CA,50765,
178930,21,CA,40170,
178931,22,CA,40172,
6900,43,USA,1091,4748669
178933,36,CA,40168,
178934,48,CA,40170,
178935,50,CA,40169,
178936,51,CA,40170,
178937,30,CA,40084,
2784,48,USA,917,1398667
97020,48,CA,50777,
178941,23,CA,40095,
178942,44,CA,40096,
178943,24,CA,40282,
178944,42,CA,40282,
178947,29,CA,40167,
178949,25,CA,40292,
23302,43,USA,736,1441241
97033,18,CA,50468,
178954,15,CA,40284,
178955,24,CA,40163,
56079,38,USA,1357,944031
178960,23,CA,40078,
178965,49,CA,40140,
178967,45,CA,40257,
178972,30,CA,40037,
47903,35,USA,573,3011059
47906,36,USA,977,15660366
178979,44,CA,40136,
178980,47,CA,40137,
178982,41,CA,40091,
178983,38,CA,50129,
178984,36,CA,40088,
23338,23,USA,534,3389985
25735,23,USA,1115,921063
23341,32,USA,529,848462
180268,29,CA,40474,
61335,33,USA,277,63821
42121,30,USA,498,710146
39736,28,USA,1369,5137275
47929,41,USA,449,2051543
39738,29,USA,625,2701146
40758,19,USA,348,1652271
179996,25,CA,40735,
180269,41,CA,40474,
180024,34,CA,40398,
64338,34,USA,10330,215013
179027,50,CA,40161,
40761,38,USA,856,1144073
179034,43,MX,70038,
187227,38,MX,80144,
179036,35,MX,70012,
179037,24,MX,70013,
179038,34,MX,70001,
179039,44,MX,70004,
179040,49,MX,70083,
179041,43,MX,70087,
179044,35,CA,40258,
47974,17,USA,388,836534
47975,26,USA,485,119520
179048,21,CA,40238,
179049,23,CA,40238,
179050,31,CA,40238,
56171,36,USA,10288,28984
179052,46,CA,40219,
31597,15,USA,567,129296
179055,41,CA,40079,
179056,19,CA,40224,
179057,35,CA,40224,
47987,28,USA,486,180069
97141,50,CA,50657,
67884,33,USA,980,15462775
54420,42,USA,829,1200826
162682,25,CA,40276,
162683,34,CA,40276,
162685,18,CA,40166,
23422,19,USA,1138,5588300
162687,22,CA,40279,
162688,32,CA,40278,
69440,36,USA,1320,1150851
179074,41,MX,70038,
179075,39,MX,70091,
179076,39,MX,70035,
162693,49,CA,40087,
179078,41,MX,70029,
179079,41,MX,70148,
162699,50,CA,40090,
179086,21,CA,40220,
179087,29,CA,40222,
64400,46,USA,10270,36700
179089,49,CA,40222,
162708,17,CA,40092,
162709,33,CA,40093,
179095,24,CA,40270,
162712,15,CA,40296,
179097,41,CA,40270,
179098,42,CA,40270,
97179,51,CA,50619,
179100,48,CA,40273,
179101,34,CA,40266,
162718,24,CA,40094,
31649,47,USA,10329,217312
162724,35,CA,40162,
162726,25,CA,40053,
162729,19,CA,40287,
72618,36,USA,10311,3124918
162731,33,CA,40286,
162732,41,CA,40290,
162733,43,CA,40289,
179121,14,CA,40267,
179122,16,CA,40268,
179123,44,CA,40268,
179126,16,CA,40151,
179128,25,CA,40150,
179129,26,CA,40153,
179130,30,CA,40152,
9375,28,USA,10173,1791694
162749,22,CA,40095,
23486,50,USA,1285,949590
23487,35,USA,10394,30319
179136,30,CA,40272,
179137,51,CA,40271,
179138,47,CA,40236,
180273,14,CA,40408,
179142,41,CA,40082,
179143,44,CA,40252,
179144,47,CA,40252,
179146,51,CA,40023,
179147,38,CA,40237,
39884,46,USA,538,7459413
179150,22,CA,40033,
39887,41,USA,1401,3522404
179152,36,CA,40033,
179153,44,CA,40034,
179158,22,CA,40144,
179159,29,CA,40143,
15320,33,USA,1413,2616088
179161,43,CA,40142,
179162,50,CA,40143,
179166,14,CA,40241,
179167,21,CA,40241,
179168,24,CA,40241,
179169,45,CA,40241,
179170,51,CA,40241,
179171,27,CA,40269,
179172,31,CA,40269,
179173,29,CA,40259,
179174,30,CA,40259,
7143,49,USA,1053,3235037
179176,15,CA,40030,
179177,19,CA,40030,
179178,31,CA,40030,
179179,23,CA,40141,
179180,31,CA,40141,
179181,27,CA,40146,
179182,41,CA,40146,
30244,19,USA,10157,1605007
187094,22,MX,70005,
179185,50,CA,40231,
179189,18,CA,40256,
179191,38,CA,40255,
179192,50,CA,40255,
179193,15,CA,40253,
179194,17,CA,40253,
179197,43,CA,40247,
179198,51,CA,40250,
179201,28,CA,40248,
50347,25,USA,10184,4401104
179205,50,CA,40042,
179207,19,CA,40251,
179208,44,CA,40225,
179209,45,CA,40225,
179218,17,CA,40245,
179224,15,CA,40227,
179229,14,CA,40132,
64547,33,USA,336,1876057
64548,40,USA,1387,781586
64549,48,USA,226,402238
64550,15,USA,172,336608
179240,15,CA,40025,
179241,20,CA,40025,
187434,21,MX,70133,
179244,35,CA,40240,
179245,45,CA,40240,
179246,22,CA,40160,
179247,28,CA,40160,
179248,33,CA,40159,
179249,17,CA,40160,
179250,47,CA,40160,
179251,32,CA,40080,
179252,43,CA,40080,
179253,27,CA,40263,
179256,23,CA,40149,
179257,33,CA,40147,
179258,39,CA,40149,
178698,15,CA,40276,
179262,15,CA,40031,
179263,29,CA,40032,
56384,24,USA,983,15690608
179266,26,CA,40275,
178699,25,CA,40276,
179268,39,CA,40158,
179269,34,CA,40244,
179270,48,CA,40244,
179273,20,CA,40028,
179274,21,CA,40028,
179275,22,CA,40028,
64588,29,USA,1344,4181761
179277,34,CA,40029,
178701,34,CA,40276,
179281,14,CA,40261,
179282,17,CA,40264,
999267,17,USA,30274,
97368,26,CA,50353,
178914,17,CA,50324,
179290,17,CA,40234,
179292,20,CA,40235,
179293,22,CA,40232,
179294,26,CA,40235,
179295,30,CA,40230,
179296,32,CA,40232,
179297,33,CA,40232,
179298,39,CA,40230,
64611,49,USA,956,2984663
179300,42,CA,40235,
179301,43,CA,40235,
179302,45,CA,40230,
64017,31,USA,783,1129654
179305,18,CA,40157,
179306,20,CA,40157,
179307,41,CA,40156,
179308,42,CA,40156,
48237,48,USA,10460,568682
48239,20,USA,10462,1559583
179313,36,MX,70123,
178707,30,CA,40166,
179320,21,CA,40383,
40058,23,USA,10449,893720
179323,49,CA,40380,
31870,47,USA,1310,4840091
179327,32,CA,40043,
179328,40,CA,40043,
179329,23,CA,40228,
65387,29,USA,866,1830344
179332,24,CA,40204,
179334,33,CA,40204,
179335,34,CA,40204,
162952,47,CA,40233,
179337,41,CA,40204,
179340,34,CA,40342,
32621,18,USA,1325,68634
179346,16,CA,40322,
15507,24,USA,803,855269
179348,21,CA,40320,
77678,18,USA,10230,79166
179350,34,CA,40327,
179352,50,CA,40322,
179353,26,CA,40326,
179355,22,CA,40330,
179356,31,CA,40330,
97441,15,CA,50689,
97442,15,CA,50713,
179363,20,CA,40117,
97444,15,CA,50387,
97445,15,CA,50490,
179366,43,CA,40117,
97447,15,CA,50568,
179368,16,CA,40122,
97449,15,CA,50633,
179370,40,CA,40122,
179376,32,CA,40125,
64690,32,USA,445,1130571
65395,33,USA,1385,752627
179380,47,CA,40126,
179382,14,CA,40197,
179384,33,CA,40197,
40820,27,USA,1065,358922
179386,42,CA,40197,
179387,47,CA,40197,
179388,19,CA,40205,
179389,42,CA,40205,
179391,18,CA,40124,
179392,22,CA,40123,
179393,23,CA,40123,
179394,19,CA,40328,
17611,31,USA,1269,1255310
999286,20,USA,30269,
179398,18,CA,40207,
179399,21,CA,40211,
179400,30,CA,40207,
179401,33,CA,40207,
179402,34,CA,40207,
56523,48,USA,615,2360038
56524,31,USA,682,2859184
179405,41,CA,40207,
56526,29,USA,614,2528297
56527,16,USA,395,974672
56528,30,USA,1300,1937100
179410,22,CA,40128,
179411,24,CA,40127,
179412,26,CA,40127,
179413,29,CA,40127,
179414,35,CA,40127,
179415,41,CA,40127,
179416,48,CA,40127,
180555,27,CA,40013,
178932,34,CA,40172,
97503,16,CA,50428,
179426,43,CA,40318,
179427,47,CA,40324,
56548,14,USA,1023,1441757
56549,48,USA,631,2344496
56550,25,USA,659,6721891
179431,44,CA,40200,
48360,44,USA,556,436127
179433,50,CA,40331,
179434,23,CA,40203,
68135,35,USA,10132,92068
179436,30,CA,40321,
179437,32,CA,40321,
179438,18,CA,40332,
53117,35,USA,1309,4863539
179440,36,CA,40332,
72945,16,USA,306,1234506
179442,42,CA,40332,
179443,47,CA,40332,
179445,38,CA,40206,
179446,23,CA,40344,
179447,29,CA,40344,
179450,17,CA,40329,
179451,32,CA,40336,
179453,28,CA,40116,
72958,30,USA,430,3791267
179455,17,CA,40208,
179456,26,CA,40208,
179458,14,CA,40119,
179459,38,CA,40120,
179462,29,CA,40074,
179463,33,CA,40074,
179464,17,CA,40346,
179465,34,CA,40346,
49621,26,USA,1,83783
72971,20,USA,847,1798495
179468,47,CA,40346,
179470,35,CA,40319,
180284,24,CA,40215,
179472,24,CA,40345,
179473,28,CA,40345,
179474,31,CA,40345,
40211,44,USA,10271,20687
179476,46,CA,40345,
179430,17,CA,40202,
48406,33,USA,264,2874322
48408,35,USA,268,627678
57220,22,USA,884,851053
48412,30,USA,10032,1366
48413,17,USA,10056,8046
179487,28,CA,40335,
179488,35,CA,40339,
179490,42,CA,40333,
179491,43,CA,40333,
179492,46,CA,40341,
179493,48,CA,40333,
179494,49,CA,40333,
179495,51,CA,40337,
179497,28,CA,40487,
179498,36,CA,40487,
179500,23,CA,40486,
179501,24,CA,40486,
179504,28,CA,40563,
179505,43,CA,40563,
179506,47,CA,40572,
179510,21,CA,40439,
179511,34,CA,40438,
179512,35,CA,40442,
40250,27,USA,378,443521
179515,17,CA,40568,
179516,50,CA,40655,
179519,14,CA,40481,
179520,32,CA,40479,
179523,24,CA,40565,
52078,25,USA,10267,135988
179526,19,CA,40645,
179527,31,CA,40646,
179528,32,CA,40644,
179531,44,CA,40567,
73036,24,USA,175,483508
179534,15,CA,40484,
179536,36,CA,40641,
48465,43,USA,547,10254174
179538,32,CA,40642,
179539,45,CA,40642,
179540,30,CA,40490,
179541,40,CA,40490,
96887,20,CA,50683,
97623,26,CA,50520,
180111,40,CA,40411,
179548,27,CA,40659,
48477,51,USA,544,17667774
41458,41,USA,619,3694401
179551,39,CA,40575,
64865,29,USA,1404,2026871
179554,33,CA,40647,
187747,40,CA,40334,
179557,41,CA,40571,
179558,14,CA,40656,
179559,18,CA,40656,
180287,36,CA,40215,
24801,25,USA,502,671582
97644,23,MX,70005,
64877,27,USA,1339,536044
23918,23,USA,1172,1166148
179568,43,CA,40493,
179569,26,CA,40643,
179570,35,CA,40643,
179571,26,CA,40483,
179572,39,CA,40483,
179573,30,CA,40482,
97654,19,CA,50615,
179575,40,CA,40652,
97656,19,CA,50531,
73083,36,USA,531,2344541
179581,30,CA,40565,
179582,38,CA,40565,
179584,43,CA,40658,
179586,36,CA,40707,
179588,35,CA,40715,
180118,16,CA,40376,
97670,32,CA,50357,
180288,48,CA,40215,
48521,20,USA,679,673324
48525,14,USA,688,2810351
58605,20,USA,554,559604
179600,47,CA,40710,
73107,33,USA,238,2928857
60553,23,USA,551,5399372
179605,14,CA,40720,
179606,26,CA,40720,
179607,32,CA,40720,
23960,39,USA,1094,4716521
73113,17,USA,347,1220312
179611,48,CA,40720,
179613,25,CA,40718,
179614,31,CA,40719,
23967,33,USA,10331,103961
73120,34,USA,530,2386372
179617,23,CA,40663,
48546,45,USA,10193,115760
179620,15,CA,40671,
179622,40,CA,40670,
179623,47,CA,40671,
178940,22,CA,40095,
179625,28,CA,40668,
97707,20,CA,50519,
187821,49,CA,40472,
187823,17,CA,40545,
32177,31,USA,10431,190976
187826,49,CA,40556,
179636,28,CA,40748,
179637,41,CA,40749,
179638,41,CA,40660,
179639,18,CA,40667,
179640,33,CA,40667,
179641,42,CA,40666,
179642,20,CA,40664,
97725,42,CA,50653,
73152,47,USA,943,3305314
73153,41,USA,441,5253175
179650,49,CA,40745,
73155,51,USA,620,3441219
180290,30,CA,40537,
97733,20,CA,50699,
7622,30,USA,10120,1457238
97735,21,CA,50280,
57538,26,USA,10440,1837867
64969,38,USA,1302,1895467
64971,30,USA,1371,4929034
48589,15,USA,745,90431
64974,50,USA,10110,863494
179663,28,CA,40392,
97747,21,CA,50343,
179668,14,CA,40687,
64078,14,USA,10031,28787
179670,22,CA,40687,
64983,28,USA,1407,3411580
32216,26,USA,10219,168837
64985,51,USA,10082,243194
179674,19,CA,40595,
64987,49,USA,732,6382286
179677,15,CA,40696,
179678,26,CA,40696,
24485,49,USA,828,894691
48608,35,USA,1371,4696092
180291,42,CA,40537,
73187,27,USA,1263,1386429
73188,27,USA,844,2023855
73189,39,USA,710,959631
179686,39,CA,40706,
73195,17,USA,429,4250336
179692,26,CA,40458,
179693,39,CA,40459,
179694,43,CA,40458,
179695,50,CA,40459,
179697,33,CA,40756,
179698,42,CA,40756,
73203,39,USA,701,861887
73205,27,USA,957,3013677
73206,47,USA,552,5789250
73207,45,USA,10138,13661568
179704,28,CA,40618,
59988,24,USA,1130,268095
179706,31,CA,40618,
7675,15,USA,997,372712
179708,47,CA,40618,
97789,22,CA,50454,
179711,49,CA,40698,
179712,19,CA,40365,
179713,22,CA,40365,
179716,27,CA,40352,
73907,42,USA,519,3138615
179718,45,CA,40353,
179719,47,CA,40353,
73226,44,USA,408,9652197
179723,30,CA,40499,
7692,32,USA,370,7318782
178777,16,CA,40283,
73230,23,USA,1374,4894694
40877,25,USA,611,2630964
179728,41,CA,40389,
6744,30,USA,1330,2632438
7700,45,USA,876,780156
179733,33,CA,40354,
48663,32,USA,1115,821411
49421,50,USA,436,4027768
179737,22,CA,40462,
48666,44,USA,1039,926138
48668,22,USA,1220,453017
2650,28,USA,10078,1417309
179742,41,CA,40594,
5985,32,USA,854,985552
179744,15,CA,40740,
81441,36,USA,1193,107354
179748,39,CA,40614,
81445,18,USA,993,78409
73255,24,USA,1161,281501
81448,19,USA,105,70650
179753,40,CA,40358,
179754,41,CA,40358,
81451,32,USA,477,1664226
7726,45,USA,10416,154306
7727,28,USA,1322,636767
73264,43,USA,356,1491416
81458,39,USA,1050,3231258
48693,19,USA,1012,1352763
179766,17,CA,40363,
32311,27,USA,888,947963
81464,21,USA,161,119943
179769,26,CA,40360,
179221,40,CA,40244,
179777,14,CA,40350,
180567,27,CA,40016,
179779,35,CA,40349,
31369,25,USA,10213,597829
40517,36,USA,1048,318686
32326,22,USA,944,3255021
179786,19,CA,40703,
179789,36,CA,40702,
32334,36,USA,408,9274749
179791,48,CA,40703,
180152,19,CA,40413,
179794,28,CA,40731,
96867,27,CA,50449,
179796,39,CA,40727,
179798,16,CA,40585,
999002,16,USA,20002,
999003,14,USA,20003,
999004,15,USA,20003,
999005,14,USA,20004,
999006,15,USA,20004,
73312,45,USA,1083,1369689
999009,16,USA,20001,
999010,17,USA,20012,
999011,14,USA,20010,
999012,16,USA,20010,
999013,20,USA,20010,
999014,14,USA,20013,
999015,14,USA,20006,
999016,15,USA,20006,
999017,16,USA,20006,
999018,19,USA,20007,
999019,20,USA,20007,
999020,14,USA,20005,
999021,18,USA,20005,
999022,16,USA,20009,
999023,17,USA,20009,
999024,17,USA,20008,
999025,18,USA,20008,
89714,15,USA,1384,539329
179828,33,CA,40599,
73333,36,USA,550,20369324
179830,46,CA,40599,
65143,50,USA,229,1687909
73336,23,USA,1405,1411519
179833,23,CA,40683,
179834,14,CA,40396,
179835,16,CA,40396,
179836,24,CA,40396,
179837,26,CA,40396,
178748,18,CA,40279,
73344,25,USA,261,629088
48772,51,USA,407,9653086
179846,32,CA,40515,
180161,18,CA,40467,
179848,41,CA,40514,
178796,20,CA,40293,
73354,49,USA,423,2219564
56971,14,USA,10013,18716
73356,31,USA,550,19412624
24514,51,USA,571,2878665
179854,31,CA,40686,
179855,43,CA,40686,
179856,22,CA,40744,
179857,48,CA,40744,
180164,50,CA,40467,
24218,22,USA,10410,39055
179868,25,CA,40606,
73374,31,USA,444,1058898
73375,45,USA,446,2354408
7841,41,USA,404,874851
24518,32,USA,975,15477775
179879,31,CA,40587,
179880,41,CA,40587,
179881,42,CA,40587,
40618,28,USA,725,421424
40619,36,USA,639,325215
48813,48,USA,1091,4710527
179886,28,CA,40593,
179887,29,CA,40593,
179888,36,CA,40593,
179889,39,CA,40524,
40626,28,USA,644,3997448
72307,32,USA,1169,550797
65204,43,USA,927,625108
179893,34,CA,40685,
179894,36,CA,40685,
179895,50,CA,40685,
179896,51,CA,40685,
81593,34,USA,835,624242
81594,51,USA,1277,284391
81595,22,USA,301,454804
179900,27,CA,40694,
999101,19,USA,30153,
999102,19,USA,30143,
178772,43,CA,40088,
48833,41,USA,10432,309549
48834,45,USA,10433,312489
48836,40,USA,10373,822421
999109,19,USA,30123,
179051,36,CA,40238,
999111,19,USA,30111,
999112,19,USA,30120,
999113,19,USA,30106,
999114,19,USA,30100,
999115,19,USA,30107,
179916,29,CA,40754,
999117,19,USA,30072,
999118,19,USA,30077,
180173,42,CA,40377,
999120,20,USA,30072,
999121,20,USA,30077,
999123,15,USA,30265,
999124,15,USA,30271,
999125,15,USA,30157,
999126,15,USA,30156,
178809,35,CA,40281,
999128,20,USA,30265,
999129,20,USA,30270,
999130,20,USA,30271,
999131,20,USA,30157,
999132,20,USA,30156,
999133,20,USA,30266,
179934,51,CA,40212,
65247,39,USA,608,668478
999136,19,USA,30062,
179937,22,CA,40760,
999138,19,USA,30063,
999139,19,USA,30064,
7908,44,USA,612,2495898
999141,19,USA,30082,
179942,42,CA,40513,
999143,19,USA,30087,
999144,19,USA,30148,
999145,19,USA,30149,
999147,19,USA,30121,
999148,19,USA,30125,
179949,20,CA,40506,
999150,19,USA,30074,
24303,26,USA,10072,1711051
999152,19,USA,30098,
179953,41,CA,40506,
999154,19,USA,30164,
179955,45,CA,40505,
999156,14,USA,30131,
999157,14,USA,30137,
999158,14,USA,30089,
999159,14,USA,30114,
179960,44,CA,40465,
999161,14,USA,30124,
999162,19,USA,30131,
999163,19,USA,30137,
999164,19,USA,30089,
999165,19,USA,30114,
999166,19,USA,30115,
999168,19,USA,30124,
999169,19,USA,30081,
999170,19,USA,30080,
179971,46,CA,40394,
999173,19,USA,30071,
999175,19,USA,30118,
999177,19,USA,30134,
999179,19,USA,30099,
999180,19,USA,30103,
179981,21,CA,40400,
999182,19,USA,30146,
999183,19,USA,30145,
179984,30,CA,40400,
999185,19,USA,30144,
999186,19,USA,30079,
179987,45,CA,40400,
999188,19,USA,30073,
999190,19,USA,30110,
999192,19,USA,30139,
999193,19,USA,30138,
179994,20,CA,40735,
999195,19,USA,30102,
81692,23,USA,920,1419860
999197,19,USA,30162,
81694,34,USA,40,550028
999199,19,USA,30092,
999200,19,USA,30091,
180001,47,CA,40735,
999202,19,USA,30068,
999203,19,USA,30066,
999204,19,USA,30067,
180005,14,CA,40351,
999206,19,USA,30078,
180007,42,CA,40351,
999208,19,USA,30070,
999388,19,USA,30199,
999210,19,USA,30069,
999212,19,USA,30094,
999213,19,USA,30096,
999214,19,USA,30090,
999215,19,USA,30097,
999216,19,USA,30095,
180017,45,CA,40399,
999218,19,USA,30151,
180019,42,CA,40769,
999220,19,USA,30173,
180021,16,CA,40759,
999222,20,USA,30151,
40759,33,USA,867,2016333
999224,17,USA,30272,
999225,17,USA,30283,
999226,17,USA,30279,
180027,20,CA,40681,
180028,35,CA,40681,
999230,17,USA,30286,
180031,32,CA,40758,
999232,16,USA,30273,
999233,16,USA,30284,
999234,16,USA,30280,
179232,50,CA,40133,
180036,31,CA,40733,
999237,16,USA,30286,
999239,17,USA,30273,
999240,17,USA,30284,
999241,17,USA,30280,
180042,22,CA,40582,
65355,39,USA,1062,354231
999244,17,USA,30286,
180194,48,CA,40527,
999246,17,USA,30281,
999247,17,USA,30283,
999248,17,USA,30273,
999249,17,USA,30278,
999250,17,USA,30279,
999251,17,USA,30275,
999254,17,USA,30286,
180055,33,CA,40570,
999256,14,USA,30158,
999257,14,USA,30264,
65370,28,USA,1068,376562
180059,23,CA,40409,
180034,33,CA,40679,
999261,16,USA,30282,
999262,16,USA,30276,
999263,16,USA,30274,
999264,16,USA,30277,
999265,17,USA,30282,
999266,17,USA,30276,
180067,30,CA,40471,
999268,17,USA,30277,
999269,16,USA,30286,
999271,17,USA,30286,
180072,21,CA,40369,
999273,14,USA,30142,
999274,19,USA,30108,
999275,19,USA,30142,
999276,19,USA,30105,
999277,19,USA,30088,
999278,19,USA,30169,
999279,19,USA,30166,
999280,19,USA,30165,
999281,19,USA,30170,
180082,41,CA,40370,
999283,15,USA,30269,
999284,15,USA,30267,
999285,15,USA,30155,
180086,24,CA,40463,
999287,20,USA,30267,
999288,14,USA,30161,
179759,40,CA,40590,
999290,14,USA,30159,
999291,14,USA,30160,
999292,14,USA,30109,
73706,44,USA,1149,890063
999294,19,USA,30109,
180095,15,CA,40437,
999296,19,USA,30168,
180097,47,CA,40437,
999298,19,USA,30075,
999299,19,USA,30076,
10907,45,USA,10007,233690
57221,47,USA,687,2755331
999302,19,USA,30036,
999303,19,USA,30263,
999304,19,USA,30247,
999305,19,USA,30237,
999306,19,USA,30041,
999307,19,USA,30231,
999308,19,USA,30052,
999309,19,USA,30025,
999310,19,USA,30210,
999311,19,USA,30253,
180112,44,CA,40411,
999314,19,USA,30167,
999315,19,USA,30167,
999317,14,USA,30127,
999318,14,USA,30056,
999319,14,USA,30055,
999320,14,USA,30093,
999321,14,USA,30057,
999322,14,USA,30112,
999323,14,USA,30083,
180124,28,CA,40441,
999325,14,USA,30001,
999327,15,USA,30001,
180128,15,CA,40422,
999329,19,USA,30113,
180130,34,CA,40421,
999331,14,USA,30147,
180132,29,CA,40455,
999333,15,USA,30147,
999335,19,USA,30147,
180136,18,CA,40449,
999337,20,USA,30152,
73642,20,USA,1221,810587
999339,19,USA,30014,
999340,19,USA,30018,
999341,19,USA,30026,
999343,19,USA,30019,
999344,19,USA,30015,
999345,19,USA,30022,
999346,19,USA,30016,
999347,19,USA,30013,
999348,19,USA,30020,
999349,19,USA,30029,
999351,19,USA,30035,
999352,19,USA,30037,
999353,19,USA,30024,
999354,19,USA,30230,
999355,19,USA,30230,
999356,19,USA,30225,
999357,19,USA,30238,
999358,19,USA,30259,
999359,19,USA,30051,
999360,19,USA,30212,
999361,19,USA,30222,
999362,19,USA,30185,
999363,19,USA,30257,
999364,19,USA,30245,
999365,19,USA,30253,
999366,19,USA,30236,
999367,19,USA,30035,
999368,19,USA,30037,
999369,19,USA,30024,
999370,19,USA,30028,
999371,19,USA,30201,
999372,19,USA,30051,
999373,19,USA,30185,
999374,19,USA,30236,
999375,19,USA,30257,
999376,19,USA,30245,
999377,19,USA,30251,
999378,19,USA,30253,
999379,19,USA,30254,
999380,19,USA,30252,
999381,19,USA,30184,
999382,19,USA,30201,
999383,19,USA,30196,
999384,19,USA,30045,
999385,19,USA,30042,
999386,19,USA,30205,
999387,19,USA,30207,
999389,19,USA,30220,
999390,19,USA,30203,
999391,19,USA,30200,
999392,19,USA,30234,
999393,19,USA,30226,
999394,19,USA,30187,
999395,19,USA,30249,
999396,19,USA,30182,
73701,30,USA,1133,5435608
999398,19,USA,30262,
999399,19,USA,30049,
999400,19,USA,30186,
999401,19,USA,30208,
999402,19,USA,30193,
999403,19,USA,30021,
999404,19,USA,30030,
999405,19,USA,30032,
49134,38,USA,61,317276
999407,19,USA,30188,
999408,19,USA,30250,
999409,19,USA,30189,
999410,19,USA,30040,
65523,17,USA,580,37230
999412,19,USA,30033,
999413,19,USA,30223,
999414,19,USA,30243,
999415,19,USA,30258,
999416,19,USA,30198,
999417,19,USA,30047,
999418,19,USA,30215,
999419,19,USA,30204,
999420,19,USA,30218,
999421,19,USA,30240,
24574,22,USA,10057,55142
999423,19,USA,30192,
